NODE,Total Profit ($)
POD_ADLIN_1_UNITS-APND,4.982919295
SLAP_PGNC-APND,4.934240369999999
PGNC_1_PDRP19-APND,4.916441935
PGNC_1_PDRP17-APND,4.916441935
PGNC_1_PDRP01-APND,4.916441935
PGNC_1_PDRP02-APND,4.916441935
PGNC_1_PDRP04-APND,4.916441935
PGNC_1_PDRP05-APND,4.916441935
PGNC_1_PDRP06-APND,4.916441935
PGNC_1_PDRP09-APND,4.916441935
PGNC_1_PDRP14-APND,4.916441935
PGNC_1_PDRP15-APND,4.916441935
PGNC_1_PDRP16-APND,4.916441935
PGNC_1_PDRP07-APND,4.916441935
PGNC_1_PDRP18-APND,4.916441935
PGNC_1_PDRP26-APND,4.916441935
PGNC_2_PDRP12-APND,4.916441935
PGNC_1_PDRP20-APND,4.916441935
PGNC_2_PDRP10-APND,4.916441935
PGNC_1_RDRR02-APND,4.916441935
PGNC_2_PDRP11-APND,4.916441935
PGNC_1_PDRP23-APND,4.916441935
PGNC_1_PDRP22-APND,4.916441935
PGNC_1_PDRP21-APND,4.916441935
GYS5X6_7_UNITS-APND,4.49585968
POD_GYS5X6_7_UNITS-APND,4.494534075000001
GYS7X8_7_UNITS-APND,4.45292742
POD_GEYS11_7_UNIT11-APND,4.45059177
POD_GYS7X8_7_UNITS-APND,4.45059177
TULLCK_7_UNITS-APND,2.2040303150000002
POD_SNDBAR_7_UNIT 1-APND,2.10940751
POD_CHICPK_7_UNIT 1-APND,1.2688996499999998
POD_DUTCH1_7_UNIT 1-APND,1.2659251749999996
POD_DRUM_7_UNIT 5-APND,1.259164555
POD_DEERCR_6_UNIT 1-APND,1.2283455900000002
DRUM_7_PL1X2-APND,1.2235687199999998
POD_DRUM_7_PL1X2-APND,1.2235687199999998
POD_DRUM_7_PL3X4-APND,1.2209188900000005
DRUM_7_PL3X4-APND,1.2209188900000005
SPAULD_6_UNIT12-APND,1.1886970399999992
POD_BRDGVL_7_BAKER-APND,1.1444681549999998
SLAP_PGHB-APND,1.08714491
POD_PACLUM_6_UNIT-APND,1.082205545
POD_DUTCH2_7_UNIT 1-APND,1.01972708
SUMMIT_ASR-APND,0.9683387550000003
HUMBPP_6_UNITS-APND,0.9496729900000003
PGHB_6_PDRP06-APND,0.92788187
PGHB_6_PDRP19-APND,0.92788187
PGHB_6_PDRP04-APND,0.92788187
PGHB_6_PDRP05-APND,0.92788187
PGHB_6_PDRP16-APND,0.92788187
PGHB_6_PDRP12-APND,0.92788187
PGHB_6_PDRP15-APND,0.92788187
PGHB_6_PDRP14-APND,0.92788187
PGHB_6_PDRP11-APND,0.92788187
PGHB_6_PDRP10-APND,0.92788187
PGHB_6_PDRP09-APND,0.92788187
PGHB_6_PDRP08-APND,0.92788187
PGHB_6_PDRP07-APND,0.92788187
PGHB_6_PDRP02-APND,0.92788187
POD_HUMBPP_1_UNITS3-APND,0.9123608950000001
DUANE_1_PL1X3-APND,0.6682369400000006
POD_DUANE_1_PL1X3-APND,0.6222086499999997
CLAP_SANCLA-APND,0.042767579999999805
POD_HATRDG_2_WIND-APND,0.00311880000000031
TEPC_BLACKMESA230-APND,0.0
SRP_PPKSRP230_WALC-APND,0.0
TEPC_GREENLEE_EPE-APND,0.0
SRP_PPKWALC230_WALC-APND,0.0
SRP_RUDD230-APND,0.0
PNM_MCKINLEY345_TEPC-APND,0.0
PNM_OROGRANDE115_EPE-APND,0.0
PNM_PICACHO115_EPE-APND,0.0
TEPC_GILARVR500_TEPC-APND,0.0
TEPC_FOURCORNE500_TEPC-APND,0.0
TEPC_FOURCORNE345_TEPC-APND,0.0
TEPC_CORONAD500_TEPC-APND,0.0
SCL_SCLBPATPACW-APND,0.0
SRP_SUGARLOAF500-APND,0.0
SRP_SPRNGER345_TEPC-APND,0.0
PNM_SJ345_TEPC-APND,0.0
SRP_SRPNETWORK_WALC-APND,0.0
SRP_SRP_SYSTEM-APND,0.0
PNM_SPRINGER345_TEPC-APND,0.0
PNM_WM345_EPE-APND,0.0
SRP_WWNG500SRP_WALC-APND,0.0
SRP_WWNG230SRP_WALC-APND,0.0
SRP_WESTWING500_SRP-APND,0.0
SCL_SCLBPATPGE-APND,0.0
SRP_WESTWING230_SRP-APND,0.0
NWMT_TENDOY-APND,0.0
PGE_CAPTAINJACK-APND,0.0
PNM_LUNA345_TEPC-APND,0.0
SRP_PNLCENT500_TEPC-APND,0.0
NEVP_HILLTOP345-APND,0.0
NEVP_M345-APND,0.0
TEPC_PINLWST500_TEPC-APND,0.0
NEVP_MCCULLOUG230-APND,0.0
NWMT_BRDY-APND,0.0
NEVP_MEAD230_NEVP-APND,0.0
NEVP_MEAD500-APND,0.0
NEVP_MEAD5MSCHD-APND,0.0
NEVP_REDB-APND,0.0
TEPC_PNLCENT500_TEPC-APND,0.0
TEPC_SAGUARO500-APND,0.0
TEPC_SJ345_TEPC-APND,0.0
TEPC_SPRINGER345_TEPC-APND,0.0
TEPC_SPRINGER_EPE-APND,0.0
NWMT_PGE.COLSTRIP-APND,0.0
NWMT_PACW.COLSTRIP-APND,0.0
NWMT_JEFF-APND,0.0
SCL_MIDCREMOTE-APND,0.0
NWMT_AVA.COLSTRIP-APND,0.0
NWMT_AVAT.NWMT-APND,0.0
TEPC_SPRNGER345_TEPC-APND,0.0
TEPC_VAIL345-APND,0.0
TEPC_WALC.SYS_TEP-APND,0.0
NEVP_GON.PAV-APND,0.0
NEVP_GON.IPP-APND,0.0
TEPC_OSOGRANDE-APND,0.0
TEPC_HILLTOP230-APND,0.0
PNM_LASCRCS115_EPE-APND,0.0
TEPC_GREENLEE_WALC-APND,0.0
TEPC_GRENLESWT345-APND,0.0
PNM_HIDALGO345_EPE-APND,0.0
PNM_FOURCORNE345_PNM-APND,0.0
PNM_AMRAD115_EPE-APND,0.0
PNM_AIRPORT115_EPE-APND,0.0
TEPC_GRIFFITH230_TE-APND,0.0
PNM_AFTON345_EPE-APND,0.0
TEPC_HACKBERRY230-APND,0.0
NWMT_PTSN-APND,0.0
TEPC_NECLOAD-APND,0.0
NWMT_PSE.COLSTRIP-APND,0.0
SCL_SCL.SYSTEM-APND,0.0
TEPC_LIBERTY_230UNS-APND,0.0
TEPC_LUNA345_TEPC-APND,0.0
NEVP_APEX_NEVP-APND,0.0
TEPC_MACHOSPRNG345-APND,0.0
NEVP_BCTAP230-APND,0.0
TEPC_MCKINLEY345_TEPC-APND,0.0
NEVP_CRYSTAL500-APND,0.0
NEVP_CRYSTAL500_NEVP-APND,0.0
PNM_LUNA345_EPE-APND,0.0
EPE_GREENLEE_EPE-APND,0.0
SRP_PINPKSRP230_SRP-APND,0.0
IPCO_WALLAWALLA-APND,0.0
PSEI_SCL.SYSTEM-APND,0.0
PSEI_PSE.COLSTRIP-APND,0.0
PSEI_MINTFARM-APND,0.0
PSEI_MIDC_PSEI_PGE-APND,0.0
PSEI_MIDC_PSEI-APND,0.0
PSEI_MIDCREMOTE-APND,0.0
PSEI_MIDC.AV-APND,0.0
PSEI_MALIN-APND,0.0
PSEI_KFALLSGEN-APND,0.0
IPCO_TENDOY-APND,0.0
LADWP_APEX_NEVP-APND,0.0
IPCO_SCLLAGRANDEIPC-APND,0.0
IPCO_PTSN-APND,0.0
IPCO_M345-APND,0.0
IPCO_LOLO-APND,0.0
IPCO_LAGRANDE-APND,0.0
IPCO_JBSN-APND,0.0
IPCO_HURR-APND,0.0
IPCO_HMWY-APND,0.0
IPCO_GSHN-APND,0.0
PSEI_TPWR.STAR-APND,0.0
LADWP_CRYSTAL500-APND,0.0
IPCO_BORA-APND,0.0
PGE_PGE.COLSTRIP-APND,0.0
PGE_GRIZZLY-APND,0.0
PGE_JOHNDAY-APND,0.0
PGE_KFALLSGEN-APND,0.0
PGE_MALIN-APND,0.0
PGE_MIDC.AV-APND,0.0
PGE_MIDCREMOTE-APND,0.0
PGE_MIDC_PACW_PGE-APND,0.0
PGE_MIDC_PSEI_PGE-APND,0.0
PGE_PACW.PGE-APND,0.0
PGE_ROUNDBUTTE-APND,0.0
LADWP_GON.IPP-APND,0.0
PGE_SCLBPATPGE-APND,0.0
LADWP_NOB.LDWP-APND,0.0
LADWP_NAVAJO-APND,0.0
LADWP_MRKTPLACE.LDWP-APND,0.0
LADWP_MPAC-APND,0.0
LADWP_MEAD230.LDWP-APND,0.0
LADWP_MCCULLOUG230-APND,0.0
LADWP_MCC230.LDWP-APND,0.0
LADWP_IPP.ACES-APND,0.0
IPCO_BPAT.PSEI-APND,0.0
PSEI_JOHNDAY-APND,0.0
SRP_PINPKAPS230_SRP-APND,0.0
EPE_OSOGRANDE-APND,0.0
TEPC_WINCHESTR345-APND,0.0
SCL_SCLLAGRANDEIPC-APND,0.0
SRP_LIBERTY230_WALC-APND,0.0
SRP_PALOVERDE500-APND,0.0
SRP_PANDA230-APND,0.0
EPE_WM345_EPE-APND,0.0
EPE_SPRINGER_EPE-APND,0.0
EPE_PICACHO115_EPE-APND,0.0
EPE_PALOVERDE500_EPE-APND,0.0
EPE_OROGRANDE115_EPE-APND,0.0
NWMT_YTP-APND,0.0
EPE_MACHOSPRNG345-APND,0.0
EPE_LUNA345_EPE-APND,0.0
EPE_LASCRCS115_EPE-APND,0.0
EPE_HIDALGO345_EPE-APND,0.0
PGE_COBH-APND,0.0
EPE_AMRAD115_EPE-APND,0.0
EPE_AIRPORT115_EPE-APND,0.0
EPE_AFTON345_EPE-APND,0.0
SRP_PINLWST500_TEPC-APND,0.0
SRP_KYRENE230-APND,0.0
SRP_KNOX230-APND,0.0
PSEI_COBH-APND,0.0
SCL_BPAT.SCL-APND,0.0
PSEI_CAPTAINJACK-APND,0.0
PSEI_BPAT.PSEI-APND,0.0
PSEI_BCUS.BORDER-APND,0.0
PGE_BPAT.PSEI-APND,0.0
PGE_BPAT.PGE-APND,0.0
SRP_CHOLLA500_SRP-APND,0.0
SRP_COOLIDGE_WALC-APND,0.0
SRP_CORONAD500_TEPC-APND,0.0
SCL_BOUNDARY-APND,0.0
SRP_COVEFORT-APND,0.0
SRP_JOJOBA500-APND,0.0
SRP_DESERTBASIN-APND,0.0
SRP_DUKE500_WALC-APND,0.0
SRP_FOURCORNE345_AZPS-APND,0.0
SRP_FOURCORNE500_AZPS-APND,0.0
SCL_MAINCANALGEN-APND,0.0
SCL_MIDC.AV-APND,0.0
SRP_GILARIVER500-APND,0.0
SRP_GILARVR500_TEPC-APND,0.0
SRP_HAYDEN115_WALC-APND,0.0
TEPC_WESTWING500_TEPC-APND,0.0
NWMT_BPAT.NWMT-APND,0.0
BPAT_BC.US.BORDER-APND,0.0
BPAT_CAPTAINJACK-APND,0.0
BPAT_BPAT.SCL-APND,0.0
BPAT_BPAT.PSEI-APND,0.0
BPAT_BPAT.PGE-APND,0.0
BPAT_BPAT.PACW-APND,0.0
BPAT_BPAT.NWMT-APND,0.0
BPAT_BPAT.AVRN-APND,0.0
BPAT_BOUNDARY-APND,0.0
BPAT_AVA.BPAT-APND,0.0
BCHA_BCUS.BORDER-APND,0.0
BCHA_BC.US.BORDER-APND,0.0
BANC_WESTLEY-APND,0.0
BANC_CAPTAINJACK-APND,0.0
AZPS_WESTWING500_WALC-APND,0.0
AZPS_WESTWING500_TEPC-APND,0.0
AZPS_WESTWING500_SRP-APND,0.0
AZPS_WESTWING230_WALC-APND,0.0
AZPS_WESTWING230_SRP-APND,0.0
AZPS_WALC.SYS-APND,0.0
AZPS_TESTTRACK230-APND,0.0
AZPS_SWAZSYS-APND,0.0
AZPS_SUNVALLEY230-APND,0.0
AZPS_SUNDANCE-APND,0.0
AZPS_SUGARLOAF500-APND,0.0
BPAT_BPAT.TPU-APND,0.0
BPAT_COBH-APND,0.0
WALC_VAIL345-APND,0.0
BPAT_COYSPR2-APND,0.0
WALC_WALC.SYS_TEP-APND,0.0
WALC_WESTWING230_WALC-APND,0.0
WALC_WESTWING500_WALC-APND,0.0
WALC_WINCHESTR345-APND,0.0
WALC_WWNG230SRP_WALC-APND,0.0
WALC_WWNG500SRP_WALC-APND,0.0
BPAT_POPD-APND,0.0
BPAT_NOB.LDWP-APND,0.0
BPAT_MSS_WASCO-APND,0.0
BPAT_MSS_KLICK-APND,0.0
BPAT_MSS_COLUMB-APND,0.0
BPAT_MINTFARM-APND,0.0
BPAT_MIDCREMOTE-APND,0.0
BPAT_MCNARY-APND,0.0
BPAT_MALIN230-APND,0.0
BPAT_MALIN-APND,0.0
BPAT_LAGRANDE-APND,0.0
BPAT_KFALLSGEN.AVRN-APND,0.0
BPAT_KFALLSGEN-APND,0.0
BPAT_JOHNDAY-APND,0.0
BPAT_HILLTOP345-APND,0.0
BPAT_GRIZZLY-APND,0.0
BPAT_GARRISON-APND,0.0
AZPS_SANTAROSA230-APND,0.0
AZPS_SAGUARO500-APND,0.0
AZPS_SAGUARO115-APND,0.0
AZPS_SADLBROKRNCH-APND,0.0
AZPS_FOURCORNE345_AZPS-APND,0.0
AZPS_DESERTBASIN-APND,0.0
AZPS_CHOLLA500_SRP-APND,0.0
AZPS_BUCKEYE230-APND,0.0
AVRN_MSS_WASCO-APND,0.0
AVRN_MSS_KLICK-APND,0.0
AVRN_MSS_COLUMB-APND,0.0
AVRN_KFALLSGENAVRN-APND,0.0
AVRN_KFALLSGEN.AVRN-APND,0.0
AVRN_BPAT.AVRN-APND,0.0
AVRN_AVA.AVRN-APND,0.0
AVA_WALLAWALLA-APND,0.0
AVA_POPD-APND,0.0
AVA_MIDCREMOTE-APND,0.0
AVA_MIDC.AV-APND,0.0
AVA_MAINCANALGEN-APND,0.0
AVA_LOLO-APND,0.0
AVA_DRYCREEK-APND,0.0
AVA_COYSPR2-APND,0.0
AVA_AVAT.NWMT-APND,0.0
AVA_AVA.COLSTRIP-APND,0.0
AVA_AVA.BPAT-APND,0.0
AVA_AVA.AVRN-APND,0.0
AZPS_FOURCORNE345_PNM-APND,0.0
AZPS_FOURCORNE345_TEPC-APND,0.0
AZPS_FOURCORNE500_AZPS-APND,0.0
AZPS_PALOVERDE500-APND,0.0
AZPS_RUDD230-APND,0.0
AZPS_RACEWAY230-APND,0.0
AZPS_PNPKWALC230-APND,0.0
AZPS_PINT-APND,0.0
AZPS_PINPKSRP230_SRP-APND,0.0
AZPS_PINPKAPS230_WALC-APND,0.0
AZPS_PINPKAPS230_SRP-APND,0.0
AZPS_PARKER230-APND,0.0
AZPS_PANDA230-APND,0.0
AZPS_PALOVERDE500_EPE-APND,0.0
AZPS_ORACLE115-APND,0.0
AZPS_FOURCORNE500_TEPC-APND,0.0
AZPS_NRTHGILA69-APND,0.0
AZPS_NECLOAD-APND,0.0
AZPS_NAVAJO-APND,0.0
AZPS_MEAD5MSCHD-APND,0.0
AZPS_LIBERTY230-APND,0.0
AZPS_KYRENE230-APND,0.0
AZPS_KNOX230-APND,0.0
AZPS_JOJOBA500-APND,0.0
AZPS_GILARIVER500-APND,0.0
AZPS_GILA69-APND,0.0
WALC_WALC.SYS-APND,0.0
NWMT_GARRISON-APND,0.0
TPWR_TPWR.STAR-APND,0.0
WALC_SADLBROKRNCH-APND,0.0
WALC_BCTAP230-APND,0.0
WALC_NRTHGILA69-APND,0.0
WALC_LIBERTY230_WALC-APND,0.0
WALC_LIBERTY_230UNS-APND,0.0
WALC_MCC230.LDWP-APND,0.0
WALC_MEAD230.LDWP-APND,0.0
WALC_SAGUARO115-APND,0.0
WALC_MEAD230_NEVP-APND,0.0
WALC_RACEWAY230-APND,0.0
TPWR_BPAT.TPU-APND,0.0
WALC_PPKWALC230_WALC-APND,0.0
WALC_PPKSRP230_WALC-APND,0.0
WALC_PNPKWALC230-APND,0.0
WALC_PINPKAPS230_WALC-APND,0.0
WALC_PARKER230-APND,0.0
WALC_MEAD500-APND,0.0
WALC_ORACLE115-APND,0.0
WALC_MRKTPLACE.LDWP-APND,0.0
TPWR_MAINCANALGEN-APND,0.0
WALC_GILA69-APND,0.0
WALC_LIBERTY230-APND,0.0
WALC_SUNVALLEY230-APND,0.0
WALC_GREENLEE_WALC-APND,0.0
WALC_DUKE500_WALC-APND,0.0
WALC_GRENLESWT345-APND,0.0
WALC_TESTTRACK230-APND,0.0
WALC_SANTAROSA230-APND,0.0
WALC_SWAZSYS-APND,0.0
WALC_BUCKEYE230-APND,0.0
WALC_BLACKMESA230-APND,0.0
WALC_COOLIDGE_WALC-APND,0.0
WALC_SUNDANCE-APND,0.0
WALC_SRP_SYSTEM-APND,0.0
WALC_GRIFFITH230_TE-APND,0.0
WALC_SRPNETWORK_WALC-APND,0.0
WALC_HILLTOP230-APND,0.0
WALC_HAYDEN115_WALC-APND,0.0
WALC_HACKBERRY230-APND,0.0
TIDC_WESTLEY-APND,0.0
PGSF_2_PDRP03-APND,-0.08519176999999956
PGSF_2_PDRP58-APND,-0.08519176999999956
PGSF_2_PDRP04-APND,-0.08519176999999956
PGSF_2_PDRP08-APND,-0.08519176999999956
PGSF_2_PDRP100-APND,-0.08519176999999956
PGSF_2_PDRP12-APND,-0.08519176999999956
PGSF_2_PDRP13-APND,-0.08519176999999956
PGSF_2_PDRP18-APND,-0.08519176999999956
PGSF_2_PDRP19-APND,-0.08519176999999956
PGSF_2_PDRP20-APND,-0.08519176999999956
PGSF_2_PDRP46-APND,-0.08519176999999956
PGSF_2_PDRP21-APND,-0.08519176999999956
PGSF_2_PDRP22-APND,-0.08519176999999956
PGSF_2_PDRP49-APND,-0.08519176999999956
PGSF_2_PDRP26-APND,-0.08519176999999956
PGSF_2_PDRP27-APND,-0.08519176999999956
PGSF_2_PDRP28-APND,-0.08519176999999956
PGSF_2_PDRP29-APND,-0.08519176999999956
PGSF_2_PDRP33-APND,-0.08519176999999956
PGSF_2_PDRP34-APND,-0.08519176999999956
PGSF_2_PDRP35-APND,-0.08519176999999956
PGSF_2_PDRP56-APND,-0.08519176999999956
PGSF_2_PDRP54-APND,-0.08519176999999956
PGSF_2_PDRP36-APND,-0.08519176999999956
PGSF_2_PDRP37-APND,-0.08519176999999956
PGSF_2_PDRP38-APND,-0.08519176999999956
PGSF_2_PDRP39-APND,-0.08519176999999956
PGSF_2_PDRP53-APND,-0.08519176999999956
PGSF_2_PDRP52-APND,-0.08519176999999956
PGSF_2_PDRP51-APND,-0.08519176999999956
PGSF_2_PDRP50-APND,-0.08519176999999956
PGSF_2_PDRP23-APND,-0.08519176999999956
PGSF_2_PDRP57-APND,-0.08519176999999956
SLAP_PGSF-APND,-0.10446588499999998
POD_MNDOTA_1_SOLAR1-APND,-0.1576290050000002
PGSI_1_PDRP49-APND,-0.16890682499999987
PGSI_1_PDRP51-APND,-0.16890682499999987
PGSI_1_PDRP40-APND,-0.16890682499999987
PGSI_1_PDRP37-APND,-0.16890682499999987
PGSI_1_PDRP36-APND,-0.16890682499999987
PGSI_1_PDRP35-APND,-0.16890682499999987
PGSI_1_PDRP33-APND,-0.16890682499999987
PGSI_1_PDRP31-APND,-0.16890682499999987
PGSI_1_PDRP29-APND,-0.16890682499999987
PGSI_1_PDRP28-APND,-0.16890682499999987
PGSI_1_PDRP27-APND,-0.16890682499999987
PGSI_1_PDRP26-APND,-0.16890682499999987
PGSI_1_PDRP22-APND,-0.16890682499999987
PGSI_1_PDRP25-APND,-0.16890682499999987
PGSI_1_PDRP44-APND,-0.16890682499999987
PGSI_1_PDRP24-APND,-0.16890682499999987
PGSI_1_PDRP23-APND,-0.16890682499999987
PGSI_1_PDRP45-APND,-0.16890682499999987
PGSI_1_PDRP46-APND,-0.16890682499999987
PGSI_1_RDRR02-APND,-0.16890682499999987
PGSI_1_PDRP48-APND,-0.16890682499999987
PGSI_1_PDRP59-APND,-0.16890682499999987
PGSI_1_PDRP53-APND,-0.16890682499999987
PGSI_1_PDRP42-APND,-0.16890682499999987
PGSI_1_PDRP52-APND,-0.16890682499999987
PGSI_1_PDRP43-APND,-0.16890682499999987
PGSI_1_PDRP17-APND,-0.16890682499999987
PGSI_1_PDRP16-APND,-0.16890682499999987
PGSI_1_PDRP15-APND,-0.16890682499999987
PGSI_1_PDRP09-APND,-0.16890682499999987
PGSI_1_PDRP100-APND,-0.16890682499999987
PGSI_1_PDRP12-APND,-0.16890682499999987
PGSI_1_PDRP13-APND,-0.16890682499999987
PGSI_1_PDRP11-APND,-0.16890682499999987
PGSI_1_PDRP02-APND,-0.16890682499999987
PGSI_1_PDRP10-APND,-0.16890682499999987
PGSI_1_PDRP04-APND,-0.16890682499999987
PGSI_1_PDRP20-APND,-0.16890682499999987
PGSI_1_PDRP21-APND,-0.16890682499999987
PGSI_1_PDRP101-APND,-0.16890682499999987
SLAP_PGSB-APND,-0.1709286399999999
POD_ADERA_1_SOLAR1-APND,-0.21207011999999997
POD_STANIS_7_UNIT 1-APND,-0.2264864050000005
SLAP_PGP2-APND,-0.2446026999999994
MLAP_NCPA-APND,-0.2754386850000002
PGSB_1_PDRP95-APND,-0.2983878549999999
PGSB_1_PDRP11-APND,-0.2983878549999999
PGSB_1_PDRP104-APND,-0.2983878549999999
PGSB_1_PDRP103-APND,-0.2983878549999999
PGSB_1_PDRP102-APND,-0.2983878549999999
PGSB_1_PDRP101-APND,-0.2983878549999999
PGSB_1_PDRP106-APND,-0.2983878549999999
PGSB_1_PDRP15-APND,-0.2983878549999999
PGSB_1_PDRP111-APND,-0.2983878549999999
PGSB_1_PDRP34-APND,-0.2983878549999999
PGSB_1_PDRP91-APND,-0.2983878549999999
PGSB_1_PDRP90-APND,-0.2983878549999999
PGSB_1_PDRP89-APND,-0.2983878549999999
PGSB_1_PDRP87-APND,-0.2983878549999999
PGSB_1_PDRP83-APND,-0.2983878549999999
PGSB_1_PDRP78-APND,-0.2983878549999999
PGSB_1_PDRP77-APND,-0.2983878549999999
PGSB_1_PDRP76-APND,-0.2983878549999999
PGSB_1_PDRP74-APND,-0.2983878549999999
PGSB_1_PDRP35-APND,-0.2983878549999999
PGSB_1_PDRP45-APND,-0.2983878549999999
PGSB_1_PDRP36-APND,-0.2983878549999999
PGSB_1_PDRP31-APND,-0.2983878549999999
PGSB_1_PDRP30-APND,-0.2983878549999999
PGSB_1_PDRP42-APND,-0.2983878549999999
PGSB_1_PDRP43-APND,-0.2983878549999999
PGSB_1_PDRP29-APND,-0.2983878549999999
PGSB_1_PDRP24-APND,-0.2983878549999999
PGSB_1_PDRP18-APND,-0.2983878549999999
PGSB_1_PDRP17-APND,-0.2983878549999999
PGSB_1_PDRP44-APND,-0.2983878549999999
PGSB_1_PDRP52-APND,-0.2983878549999999
PGSB_1_PDRP46-APND,-0.2983878549999999
PGSB_1_PDRPCUR01-APND,-0.2983878549999999
PGSB_1_PDRP70-APND,-0.2983878549999999
PGSB_1_PDRP71-APND,-0.2983878549999999
PGSB_1_PDRP72-APND,-0.2983878549999999
PGSB_1_PDRP73-APND,-0.2983878549999999
PGSB_1_PDRP08-APND,-0.2983878549999999
PGSB_1_RDRR02-APND,-0.2983878549999999
PGSB_1_PDRPCON01-APND,-0.2983878549999999
PGSB_1_PDRP68-APND,-0.2983878549999999
PGSB_1_PDRP99-APND,-0.2983878549999999
PGSB_1_PDRP97-APND,-0.2983878549999999
PGSB_1_PDRP96-APND,-0.2983878549999999
PGSB_1_PDRP04-APND,-0.2983878549999999
PGSB_1_PDRP94-APND,-0.2983878549999999
PGSB_1_PDRP32-APND,-0.2983878549999999
PGSB_1_PDRP69-APND,-0.2983878549999999
PGSB_1_PDRP67-APND,-0.2983878549999999
PGSB_1_PDRP47-APND,-0.2983878549999999
PGSB_1_PDRP55-APND,-0.2983878549999999
PGSB_1_PDRP48-APND,-0.2983878549999999
PGSB_1_PDRP49-APND,-0.2983878549999999
PGSB_1_PDRP50-APND,-0.2983878549999999
PGSB_1_PDRP51-APND,-0.2983878549999999
PGSB_1_PDRP53-APND,-0.2983878549999999
PGSB_1_PDRP54-APND,-0.2983878549999999
PGSB_1_PDRP56-APND,-0.2983878549999999
PGSB_1_PDRP66-APND,-0.2983878549999999
PGSB_1_PDRP57-APND,-0.2983878549999999
PGSB_1_PDRP58-APND,-0.2983878549999999
PGSB_1_PDRP60-APND,-0.2983878549999999
PGSB_1_PDRP10-APND,-0.2983878549999999
PGSB_1_PDRP63-APND,-0.2983878549999999
PGSB_1_PDRP64-APND,-0.2983878549999999
PGSB_1_PDRP33-APND,-0.2983878549999999
PGSB_1_PDRP92-APND,-0.2983878549999999
PGSB_1_PDRP93-APND,-0.2983878549999999
CLAP_BART-APND,-0.3190350699999997
POD_RUSCTY_2_UNITS-APND,-0.3355154900000004
RUSCTY_2_UNITS-APND,-0.3355574649999999
SLAP_PGST-APND,-0.36192903499999984
POD_BISHOP_1_UNITS-APND,-0.36797849499999985
POD_CONTRL_1_POOLE-APND,-0.36797849499999985
POD_CONTRL_1_QF-APND,-0.36797849499999985
CLAP_PLUMAS-APND,-0.3701105950000001
POD_BISHOP_1_ALAMO-APND,-0.39284057500000025
POD_DELTA_2_PL1X4-APND,-0.4060839750000001
DELTA_2_PL1X4-APND,-0.40649268500000046
POD_LMEC_1_PL1X3-APND,-0.4115909800000003
LMEC_1_PL1X3-APND,-0.4116396250000002
CLAP_LMEC-APND,-0.4116580250000002
POD_CUMBIA_1_SOLAR-APND,-0.41232031000000025
SHELRF_1_UNITS-APND,-0.4158878400000003
POD_UNOCAL_1_UNITS-APND,-0.41938970499999995
STOILS_1_UNITS-APND,-0.4209292100000003
SLAP_PGEB-APND,-0.42171799500000035
SCHLTE_1_PL1X3-APND,-0.4227360899999997
POD_CROKET_7_UNIT-APND,-0.4301834900000002
PGEB_2_PDRP47-APND,-0.43712362500000024
PGEB_2_PDRP60-APND,-0.43712362500000024
PGEB_2_PDRP58-APND,-0.43712362500000024
PGEB_2_PDRP57-APND,-0.43712362500000024
PGEB_2_PDRP56-APND,-0.43712362500000024
PGEB_2_PDRP55-APND,-0.43712362500000024
PGEB_2_PDRP54-APND,-0.43712362500000024
PGEB_2_PDRP53-APND,-0.43712362500000024
PGEB_2_PDRP52-APND,-0.43712362500000024
PGEB_2_PDRP51-APND,-0.43712362500000024
PGEB_2_PDRP50-APND,-0.43712362500000024
PGEB_2_PDRP49-APND,-0.43712362500000024
PGEB_2_PDRP48-APND,-0.43712362500000024
PGEB_2_PDRP35-APND,-0.43712362500000024
PGEB_2_PDRP46-APND,-0.43712362500000024
PGEB_2_PDRP45-APND,-0.43712362500000024
PGEB_2_PDRP44-APND,-0.43712362500000024
PGEB_2_PDRP43-APND,-0.43712362500000024
PGEB_2_PDRP42-APND,-0.43712362500000024
PGEB_2_PDRP41-APND,-0.43712362500000024
PGEB_2_PDRP37-APND,-0.43712362500000024
PGEB_2_PDRP36-APND,-0.43712362500000024
PGEB_2_PDRP62-APND,-0.43712362500000024
PGEB_2_PDRP34-APND,-0.43712362500000024
PGEB_2_PDRP31-APND,-0.43712362500000024
PGEB_2_PDRP30-APND,-0.43712362500000024
PGEB_2_PDRP29-APND,-0.43712362500000024
PGEB_2_PDRP61-APND,-0.43712362500000024
PGEB_2_PDRP73-APND,-0.43712362500000024
PGEB_2_PDRP63-APND,-0.43712362500000024
PGEB_2_PDRP80-APND,-0.43712362500000024
PGEB_2_RDRR02-APND,-0.43712362500000024
PGEB_2_RDRR01-APND,-0.43712362500000024
PGEB_2_PDRP98-APND,-0.43712362500000024
PGEB_2_PDRP97-APND,-0.43712362500000024
PGEB_2_PDRP96-APND,-0.43712362500000024
PGEB_2_PDRP95-APND,-0.43712362500000024
PGEB_2_PDRP93-APND,-0.43712362500000024
PGEB_2_PDRP85-APND,-0.43712362500000024
PGEB_2_PDRP84-APND,-0.43712362500000024
PGEB_2_PDRP83-APND,-0.43712362500000024
PGEB_2_PDRP82-APND,-0.43712362500000024
PGEB_2_PDRP81-APND,-0.43712362500000024
PGEB_2_PDRP79-APND,-0.43712362500000024
PGEB_2_PDRP64-APND,-0.43712362500000024
PGEB_2_PDRP78-APND,-0.43712362500000024
PGEB_2_PDRP77-APND,-0.43712362500000024
PGEB_2_PDRP76-APND,-0.43712362500000024
PGEB_2_PDRP74-APND,-0.43712362500000024
PGEB_2_PDRP27-APND,-0.43712362500000024
PGEB_2_PDRP71-APND,-0.43712362500000024
PGEB_2_PDRP70-APND,-0.43712362500000024
PGEB_2_PDRP69-APND,-0.43712362500000024
PGEB_2_PDRP68-APND,-0.43712362500000024
PGEB_2_PDRP67-APND,-0.43712362500000024
PGEB_2_PDRP66-APND,-0.43712362500000024
PGEB_2_PDRP65-APND,-0.43712362500000024
PGEB_2_PDRP28-APND,-0.43712362500000024
PGEB_2_PDRP40-APND,-0.43712362500000024
PGEB_2_PDRP26-APND,-0.43712362500000024
PGEB_2_PDRP25-APND,-0.43712362500000024
PGEB_2_PDRP04-APND,-0.43712362500000024
PGEB_2_PDRP05-APND,-0.43712362500000024
PGEB_2_PDRP08-APND,-0.43712362500000024
PGEB_2_PDRP09-APND,-0.43712362500000024
PGEB_2_PDRP10-APND,-0.43712362500000024
PGEB_2_PDRP100-APND,-0.43712362500000024
PGEB_2_PDRP101-APND,-0.43712362500000024
PGEB_2_PDRP102-APND,-0.43712362500000024
PGEB_2_PDRP103-APND,-0.43712362500000024
PGEB_2_PDRP104-APND,-0.43712362500000024
PGEB_2_PDRP105-APND,-0.43712362500000024
PGEB_2_PDRP107-APND,-0.43712362500000024
PGEB_2_PDRP108-APND,-0.43712362500000024
PGEB_2_PDRP111-APND,-0.43712362500000024
PGEB_2_PDRP112-APND,-0.43712362500000024
PGEB_2_PDRP113-APND,-0.43712362500000024
PGEB_2_PDRP12-APND,-0.43712362500000024
PGEB_2_PDRP13-APND,-0.43712362500000024
PGEB_2_PDRP15-APND,-0.43712362500000024
PGEB_2_PDRP21-APND,-0.43712362500000024
PGEB_2_PDRP22-APND,-0.43712362500000024
PGEB_2_PDRP23-APND,-0.43712362500000024
PGEB_2_PDRP24-APND,-0.43712362500000024
TH_NP15_GEN-APND,-0.4529608499999998
POD_BLACK_7_UNIT 2-APND,-0.46709572999999976
POD_BLACK_7_UNIT 1-APND,-0.46709572999999976
DLAP_PGAE-APND,-0.4672198150000001
POD_ZOND_6_UNIT-APND,-0.4700991850000001
POD_ELKCRK_6_STONYG-APND,-0.4725931899999998
SLAP_PGSI-APND,-0.48061490000000007
PGST_2_PDRP14-APND,-0.4830136850000002
PGST_2_PDRP37-APND,-0.4830136850000002
PGST_2_PDRP10-APND,-0.4830136850000002
PGST_2_PDRP11-APND,-0.4830136850000002
PGST_2_PDRP13-APND,-0.4830136850000002
PGST_2_PDRP15-APND,-0.4830136850000002
PGST_2_PDRP33-APND,-0.4830136850000002
PGST_2_PDRP34-APND,-0.4830136850000002
PGST_2_PDRP16-APND,-0.4830136850000002
PGST_2_PDRP17-APND,-0.4830136850000002
PGST_2_PDRP30-APND,-0.4830136850000002
PGST_2_PDRP36-APND,-0.4830136850000002
PGST_2_PDRP08-APND,-0.4830136850000002
PGST_2_PDRP38-APND,-0.4830136850000002
PGST_2_PDRP39-APND,-0.4830136850000002
PGST_2_PDRP40-APND,-0.4830136850000002
PGST_2_PDRP42-APND,-0.4830136850000002
PGST_2_PDRP49-APND,-0.4830136850000002
PGST_2_RDRR01-APND,-0.4830136850000002
PGST_2_PDRP35-APND,-0.4830136850000002
PGST_2_PDRP09-APND,-0.4830136850000002
PGST_2_PDRP01-APND,-0.4830136850000002
PGST_2_PDRP07-APND,-0.4830136850000002
PGST_2_PDRP32-APND,-0.4830136850000002
PGST_2_PDRP05-APND,-0.4830136850000002
PGST_2_PDRP31-APND,-0.4830136850000002
PGST_2_PDRP04-APND,-0.4830136850000002
PGST_2_PDRP03-APND,-0.4830136850000002
DGAP_NEVP-APND,-0.48312374000000013
SLAP_PGNB-APND,-0.48855679999999996
SANTFG_7_UNITS-APND,-0.4893856050000001
POD_GEYS20_7_UNIT20-APND,-0.49568599499999966
POD_SANTFG_7_UNITS-APND,-0.49568599499999966
POD_NCPA_7_GP1UN2-APND,-0.49568599499999966
POD_NCPA_7_GP1UN1-APND,-0.49568599499999966
POD_SMUDGO_7_UNIT 1-APND,-0.49568599499999966
POD_GEYS18_7_UNIT18-APND,-0.49568599499999966
POD_GEYS13_7_UNIT13-APND,-0.49568599499999966
PGNB_2_PDRP20-APND,-0.4957039349999998
PGNB_2_PDRP19-APND,-0.4957039349999998
PGNB_2_PDRP41-APND,-0.4957039349999998
PGNB_2_PDRP17-APND,-0.4957039349999998
PGNB_2_PDRP16-APND,-0.4957039349999998
PGNB_2_PDRP22-APND,-0.4957039349999998
PGNB_2_PDRP36-APND,-0.4957039349999998
PGNB_2_PDRP43-APND,-0.4957039349999998
PGNB_2_PDRP37-APND,-0.4957039349999998
PGNB_2_PDRP21-APND,-0.4957039349999998
PGNB_2_PDRP06-APND,-0.4957039349999998
PGNB_2_PDRP25-APND,-0.4957039349999998
PGNB_2_PDRP26-APND,-0.4957039349999998
PGNB_2_PDRP101-APND,-0.4957039349999998
PGNB_2_PDRP03-APND,-0.4957039349999998
PGNB_2_PDRP02-APND,-0.4957039349999998
PGNB_2_PDRP44-APND,-0.4957039349999998
PGNB_2_PDRP33-APND,-0.4957039349999998
PGNB_2_PDRP15-APND,-0.4957039349999998
PGNB_2_PDRP10-APND,-0.4957039349999998
PGNB_2_PDRP32-APND,-0.4957039349999998
PGNB_2_PDRP31-APND,-0.4957039349999998
PGNB_2_PDRP30-APND,-0.4957039349999998
PGNB_2_PDRP29-APND,-0.4957039349999998
PGNB_2_PDRP34-APND,-0.4957039349999998
PGNB_2_PDRP28-APND,-0.4957039349999998
PGNB_2_PDRP35-APND,-0.4957039349999998
PGNB_2_PDRP27-APND,-0.4957039349999998
PGNB_2_PDRP12-APND,-0.4957039349999998
PGNB_2_PDRP42-APND,-0.4957039349999998
OGPP_2_OG-APND,-0.49956850999999997
PIT5_7_PL3X4-APND,-0.5023186199999998
PIT5_7_PL1X2-APND,-0.5033508600000001
PIT4_7_PL1X2-APND,-0.5043220350000002
RUSSELL_2_SOLANO1-APND,-0.5083515199999997
SPICER_1_UNITS-APND,-0.51020233
POD_LMBEPK_2_UNITA1-APND,-0.5130411049999999
POD_LMBEPK_2_UNITA2-APND,-0.5130411049999999
POD_LMBEPK_2_UNITA3-APND,-0.5130411049999999
POD_SKERN_6_SOLAR1-APND,-0.516107235
POD_SKERN_6_SOLAR2-APND,-0.516107235
POD_RVRVEW_1_UNITA1-APND,-0.5199722699999998
POD_GATWAY_2_PL1X3-APND,-0.5209650650000002
GATWAY_2_PL1X3-APND,-0.5210196899999999
DC_INTMNT-APND,-0.52147877
DC_INTMTN_BURB-APND,-0.52147877
DC_INTMTN_GLEN-APND,-0.52147877
DC_INTMTN_LADWP-APND,-0.52147877
POD_PIT5_7_PL3X4-APND,-0.52191278
POD_COVERD_2_MCKHY1-APND,-0.52191278
POD_PIT4_7_PL1X2-APND,-0.52191278
POD_PIT5_7_PL1X2-APND,-0.52191278
POD_COVERD_2_HCKHY1-APND,-0.52191278
POD_PIT7_7_UNIT 2-APND,-0.52191278
POD_PIT6_7_UNIT 1-APND,-0.52191278
POD_PIT7_7_UNIT 1-APND,-0.52191278
POD_PIT6_7_UNIT 2-APND,-0.52191278
POD_VACADX_1_UNITA1-APND,-0.5292369000000001
KELSO_2_UNITS-APND,-0.5364187650000005
POD_USWND2_1_WIND3-APND,-0.5372098500000004
POD_USWND2_1_WIND1-APND,-0.5372098500000004
POD_USWND2_1_WIND2-APND,-0.5372098500000004
POD_SMPRIP_1_SMPSON-APND,-0.5373513000000001
POD_HATCR1_7_UNIT-APND,-0.53888287
POD_FT CHUR_7_UNIT 1-APND,-0.54098921
POD_FT CHUR_7_UNIT 2-APND,-0.54098921
POD_COLUSA_2_PL1X3-APND,-0.5415147599999999
SLAP_PGNP-APND,-0.5436405349999998
TRACY_7_UNITS 4-5-APND,-0.54398289
POD_TRACY_7_UNIT 3-APND,-0.5440140550000001
COLUSA_2_PL1X3-APND,-0.5440560300000004
CLAP_HWP1-APND,-0.5442571649999999
LODIEC_2_PL1X2-APND,-0.5453523100000002
PGNP_2_PDRP39-APND,-0.5467388649999997
PGNP_2_PDRP16-APND,-0.5467388649999997
PGNP_2_PDRP11-APND,-0.5467388649999997
PGNP_2_PDRP40-APND,-0.5467388649999997
PGNP_2_PDRP10-APND,-0.5467388649999997
PGNP_2_PDRP23-APND,-0.5467388649999997
PGNP_2_PDRP34-APND,-0.5467388649999997
PGNP_2_PDRP31-APND,-0.5467388649999997
PGNP_2_PDRP30-APND,-0.5467388649999997
PGNP_2_PDRP41-APND,-0.5467388649999997
PGNP_2_PDRP17-APND,-0.5467388649999997
PGNP_2_PDRP29-APND,-0.5467388649999997
PGNP_2_PDRP28-APND,-0.5467388649999997
PGNP_2_PDRP27-APND,-0.5467388649999997
PGNP_2_PDRP26-APND,-0.5467388649999997
PGNP_2_PDRP25-APND,-0.5467388649999997
PGNP_2_PDRP24-APND,-0.5467388649999997
PGNP_2_PDRP18-APND,-0.5467388649999997
PGNP_2_PDRP19-APND,-0.5467388649999997
PGNP_2_PDRP22-APND,-0.5467388649999997
PGNP_2_PDRP09-APND,-0.5467388649999997
PGNP_2_PDRP03-APND,-0.5467388649999997
PGNP_2_PDRP42-APND,-0.5467388649999997
PGNP_2_PDRP02-APND,-0.5467388649999997
PGNP_2_RDRR03-APND,-0.5467388649999997
PGNP_2_RDRR02-APND,-0.5467388649999997
PGNP_2_PDRP60-APND,-0.5467388649999997
PGNP_2_PDRP58-APND,-0.5467388649999997
PGNP_2_PDRP56-APND,-0.5467388649999997
PGNP_2_PDRP55-APND,-0.5467388649999997
PGNP_2_PDRP54-APND,-0.5467388649999997
PGNP_2_PDRP53-APND,-0.5467388649999997
PGNP_2_PDRP50-APND,-0.5467388649999997
PGNP_2_PDRP08-APND,-0.5467388649999997
PGNP_2_PDRP49-APND,-0.5467388649999997
PGNP_2_PDRP20-APND,-0.5467388649999997
PGNP_2_PDRP48-APND,-0.5467388649999997
PGNP_2_PDRP45-APND,-0.5467388649999997
PGNP_2_PDRP07-APND,-0.5467388649999997
PGNP_2_PDRP43-APND,-0.5467388649999997
PGNP_2_PDRP44-APND,-0.5467388649999997
PGNP_2_PDRP47-APND,-0.5467388649999997
PGNP_2_PDRP04-APND,-0.5467388649999997
PGNP_2_PDRP05-APND,-0.5467388649999997
PGNP_2_PDRP46-APND,-0.5467388649999997
PGNP_2_PDRP21-APND,-0.5467388649999997
POD_GYSRVL_7_WSPRNG-APND,-0.5471035300000004
W TRACY_7_UNITS 8-10-APND,-0.5478085950000005
POD_CUYAMS_6_CUYSR1-APND,-0.5485289549999997
POD_DSABLA_7_UNIT-APND,-0.54853827
POD_WESTPT_2_UNIT-APND,-0.5496404299999997
ELAP_TIDC-APND,-0.5504958
HICKMAN_7_PLANT-APND,-0.5509078449999998
CLAP_HWP2-APND,-0.5513338049999996
INTKEP_2_UNITS-APND,-0.5526100749999996
POD_HATCR2_7_UNIT-APND,-0.5540217000000001
TURLLAKE_7_PLANT-APND,-0.5544975699999999
WALNUTEC_1_UNITS-APND,-0.5550911999999998
WOODLAND_7_WGSUNIT3-APND,-0.5554602350000002
WOODLAND_7_WGSUNIT2-APND,-0.5555042800000001
DGAP_TIDC-APND,-0.5555081900000002
CLAP_BANCMID-APND,-0.5558223699999996
POD_TKOPWR_6_HYDRO-APND,-0.5562093449999996
LAGRANGE_6_PLANT-APND,-0.5562740900000005
PARDEB_6_UNITS-APND,-0.558822835
PIT3_7_PL1X3-APND,-0.5590112049999998
SALTSP_7_UNITS-APND,-0.56053047
POD_MALCHQ_7_UNIT 1-APND,-0.5612669300000003
POD_PIT1_7_UNIT 2-APND,-0.5612669300000003
POD_PIT1_7_UNIT 1-APND,-0.5612669300000003
CIG_6_PL-APND,-0.5615092349999997
RPEAK_6_UNITS-APND,-0.5616585050000001
CLAP_BANCRSVL-APND,-0.5617256649999997
ELAP_BANC-APND,-0.5618249100000003
CLAP_BANCSMUD-APND,-0.5618319250000001
NHOGAN_6_UNITS-APND,-0.5618706799999998
POD_PIT3_7_PL1X3-APND,-0.5618928750000001
FOLSOM_7_UNITS-APND,-0.5619399099999998
POD_COLEMN_2_UNIT-APND,-0.5619655549999998
SMDD_ASR-APND,-0.5622152199999999
SMDC_ASR-APND,-0.5622152199999999
SMDB_ASR-APND,-0.5622152199999999
SMDG_ASR-APND,-0.5622152199999999
SMD4_ASR-APND,-0.5622152199999999
SMD2_ASR-APND,-0.5622152199999999
SMDA_ASR-APND,-0.5622152199999999
SMD7_ASR-APND,-0.5622152199999999
SMD6_ASR-APND,-0.5622152199999999
SMD5_ASR-APND,-0.5622152199999999
SMDH_ASR-APND,-0.5622152199999999
SMD8_ASR-APND,-0.5622152199999999
SMD9_ASR-APND,-0.5622152199999999
DGAP_BNBA-APND,-0.5623151550000001
POD_PGG_2_PKR-APND,-0.562327
PGG_2_PL-APND,-0.5625399800000002
REP_6_UNITS-APND,-0.5626845349999999
SMD1_ASR-APND,-0.5630960049999996
POD_SALTSP_7_UNITS-APND,-0.5643258149999999
CLAP_DOSMGO-APND,-0.5645042949999997
CSG_2_PL-APND,-0.5645924999999996
HYTTHM_2_UNITS-APND,-0.56486712
RP2_2_SOLAR-APND,-0.56510126
VALMY_7_UNITS-APND,-0.5651142549999999
CPP_2_PL-APND,-0.565403595
ONLLPP_6_UNITS-APND,-0.565483865
CLAP_HYTTHM-APND,-0.5658181700000005
POD_SLST13_2_SOLAR1-APND,-0.5661818000000005
POD_HYTTHM_2_UNITS-APND,-0.5662403349999998
WAPAMEEA2_OFF_ASR-APND,-0.5671149100000001
WAPAMEEA1_OFF_ASR-APND,-0.5671149100000001
WAPAMEEA3_OFF_ASR-APND,-0.5671149100000001
SLUISP_2_UNITS-APND,-0.5673367450000004
WAPAMEEA3_ON_ASR-APND,-0.5673610100000004
WAPAMEEA2_ON_ASR-APND,-0.5673610100000004
WAPAMEEA1_ON_ASR-APND,-0.5673610100000004
DGAP_BANC-APND,-0.5674688800000003
DC_CELILO-APND,-0.5693758100000001
DC_CELILO_LADWP-APND,-0.5693758100000001
DC_CELILO_BURB-APND,-0.5693758100000001
DC_CELILO_GLEN-APND,-0.5693758100000001
DGAP_TPWR-APND,-0.5697101149999999
CGAP_GCPD_MIDC-APND,-0.569906305
DGAP_GCPD-APND,-0.569906305
DGAP_BPAT-APND,-0.5699083749999997
CGAP_CHPD_MIDC-APND,-0.5699163099999999
CGAP_DOPD_MIDC-APND,-0.5699674849999997
DGAP_PGE-APND,-0.57001567
RDGPOWER_1_UNIT4-6-APND,-0.5701616049999998
DGAP_PSEI-APND,-0.570205305
POD_PARDEB_6_UNITS-APND,-0.5702082949999998
DGAP_SCL-APND,-0.5703119099999996
CLAP_BANCWASN-APND,-0.5709040450000002
DGAP_AVA-APND,-0.5709092200000001
CLAP_BANCRDNG-APND,-0.5710314650000002
KLAMB_BP_5_CC-APND,-0.57140211
KLAMB_BP_5_PEAKER-APND,-0.57140211
ELAP_AVRN-APND,-0.57140211
LOS_1_LSTCR_PH_PLANT-APND,-0.5717538949999998
DGAP_NWMT-APND,-0.5722375849999999
CAR_1_CARMEN_S_PLANT-APND,-0.572496105
CGR_1_COUGAR_PLANT-APND,-0.572496105
GPR_1_GRN_PETE_PLANT-APND,-0.5725287650000003
FOS_1_FOSTER_PLANT-APND,-0.5725287650000003
PNP-RBP_2_PELRB-APND,-0.5725306049999999
LOP_1_LOOKOTPT_PLANT-APND,-0.5725421049999999
LBG_6_LEABURG_PLANT-APND,-0.5725421049999999
HCR_1_HILLS_CR_PLANT-APND,-0.5725513050000001
DET_2_DETROIT_PLANT-APND,-0.5725840800000003
CALGEN_1_UNITS-APND,-0.5728087900000003
ELAP_PGE-APND,-0.57283777
PHP_7_UNIT1-2-APND,-0.5728480050000002
MDF_7_MIDLFRK_PLANT-APND,-0.5728480050000002
WSH_1_WESTSIDEHYD-APND,-0.5728507650000003
CWP_1_CONDWIND_PLANT-APND,-0.5728946950000002
RVL_1_WHITECRK_PLANT-APND,-0.5729091849999997
GLD_2_UNITS-APND,-0.5729339099999996
KLNDSCHL_2_K3-APND,-0.5729398900000002
WFD_2_ENERGIZE_PLANT-APND,-0.5729581749999999
HWP_2_WHITECRK_PLANT-APND,-0.5729644999999997
TUOLUMNE_2_TW-APND,-0.5729644999999997
WCW_2_WHITECRK_PLANT-APND,-0.5729644999999997
CYP1_5_CARTY1-APND,-0.5729644999999997
SHW_2_SHEPDSCC_PLANT-APND,-0.5729700199999996
NHW_2_SHEPDSNC_PLANT-APND,-0.5729700199999996
HBW_2_SHEPDSSC_PLANT-APND,-0.5729700199999996
DGAP_AVRN-APND,-0.5729735849999997
LVF_1_FIBRE89_PLANT-APND,-0.5729791049999997
PWP2_2_RECIP1-6-APND,-0.5729893400000002
LWRCOL_5_ABC_ORA-APND,-0.5729961249999997
LWRCOL_5_APR_ORA-APND,-0.5729961249999997
LWRCOL_5_BASE_ORA-APND,-0.5729961249999997
LWRCOL_5_CR-APND,-0.5729961249999997
PWP1_2_PORTWEST1-APND,-0.573025105
MTF_2_UNITS-APND,-0.5730452299999999
PWP2_2_RECIP7-12-APND,-0.5730452299999999
CZF_2_COWFALLS_PLANT-APND,-0.5730665050000001
CSF_1_HIGHLNDS_PLANT-APND,-0.5730665050000001
GHE_2_GRAYS_H_PLANT-APND,-0.5730665050000001
COYOTESP_5_GEN_CC-APND,-0.5730665050000001
MAYFIELD_7_GEN-APND,-0.5730665050000001
WH2_2_CHEM_WE4_PLANT-APND,-0.5730709899999996
BRP1_2_BEAVER1-7-APND,-0.5730797299999998
CSP1_5_COYOTE1-APND,-0.5731223950000002
LEANJUN2_2_LJ2-APND,-0.5731223950000002
ELAP_BPAT-APND,-0.573137115
WRW_2_BLUERDG_PLANT-APND,-0.573193005
ELAP_TPWR-APND,-0.57325844
POD_COLVIL_7_PL1X2-APND,-0.57327661
CEDARFLS_1_AGGGEN-APND,-0.573315135
ELAP_SCL-APND,-0.573315135
SG_1_UNITS-APND,-0.573315135
GPS_1_GOOSE_PR_PLANT-APND,-0.5733333049999998
WESTROCK_1_BKS-APND,-0.5733603299999999
ELAP_PSEI-APND,-0.5733603299999999
CUSHMAN_7_GEN-APND,-0.5733603299999999
LAGRANDE_7_GEN1_4-APND,-0.5733603299999999
ELAP_BCHA-APND,-0.57336585
BCHA_5_PWXAVR-APND,-0.5733712549999996
MIDC_5_PGESHARE-APND,-0.5733784999999999
MIDC_7_GCPDPSESHARE-APND,-0.5733784999999999
DGAP_CHPD-APND,-0.5733885049999998
TXW_1_UNITS-APND,-0.5733885049999998
MIDC_7_CHPDPSESHARE-APND,-0.5734051799999997
HMJ_1_JACKSN_PLANT-APND,-0.5734264549999998
GORGE_2_AGGGEN-APND,-0.5734264549999998
BCHA_5_PWXNPR8-APND,-0.5734364600000001
BCHA_5_PWXNPR1-APND,-0.5734364600000001
BCHA_5_PWXNPR7-APND,-0.5734364600000001
BCHA_5_PWXNPR2-APND,-0.5734364600000001
BCHA_5_PWXAPR-APND,-0.5734364600000001
DGAP_BCHA-APND,-0.5734364600000001
CDR_1_CHANDLER_PLANT-APND,-0.5734396799999997
ESR_1_UNITS-APND,-0.5734396799999997
SMS_1_UNITS-APND,-0.5734396799999997
FER_1_UNITS-APND,-0.5734396799999997
MIDC_7_DOPDPGESHARE-APND,-0.5734396799999997
SUMMERFL_1_GEN_TOTAL-APND,-0.5734396799999997
UPRCOL_5_CR-APND,-0.5734673949999995
UPRCOL_5_ABC_ORA-APND,-0.5734673949999995
UPRCOL_5_APR_ORA-APND,-0.5734673949999995
UPRCOL_5_BASE_ORA-APND,-0.5734673949999995
TRW1_2_PLANT-APND,-0.573492465
LSW_2_PHALGLCH_PLANT-APND,-0.573492465
BCHA_5_PWXNPR6-APND,-0.5734928099999999
BCHA_5_PWXNPR5-APND,-0.5734928099999999
BCHA_5_PWXNPR4-APND,-0.5734928099999999
BCHA_5_PWXNPR3-APND,-0.5734928099999999
LWRSNK_5_APR_ORA-APND,-0.5734992499999998
LWRSNK_5_CR-APND,-0.5734992499999998
LWRSNK_5_BASE_ORA-APND,-0.5734992499999998
LWRSNK_5_ABC_ORA-APND,-0.5734992499999998
SHASTRD_7_UNITS-APND,-0.5735385799999999
STL_1_NINEMILE_PLANT-APND,-0.5736776149999999
BOX_CNYN_1_GEN_TOTAL-APND,-0.5738792100000001
KAISER_7_NCL-APND,-0.573896575
NINE_MI_1_GEN_TOTAL-APND,-0.57394177
ELAP_AVA-APND,-0.5739679900000001
LANCASTR_2_GEN_CC-APND,-0.5739679900000001
POST_FLS_1_GEN_TOTAL-APND,-0.5739679900000001
POPUD_1_NCL-APND,-0.5739693699999999
ALF_1_ALBENI_F_PLANT-APND,-0.5740590700000001
DWR_5_DWORSHAK_PLANT-APND,-0.5740750549999998
HRW_1_HOPKRIDG_PLANT-APND,-0.5740793099999999
DGAP_AESO-APND,-0.5740798849999997
CLEARWTR_1_GEN_TOTAL-APND,-0.5743922250000002
CLEARWTR_1_NCL-APND,-0.5743922250000002
LIB_2_LIBBY_PLANT-APND,-0.57440568
DGAP_WWA-APND,-0.5745089499999998
CAMCHE_1_PL1X3-APND,-0.5745203350000001
T_FALLS_7_TMPS-APND,-0.5745541449999998
HGH_2_HUNGRY_H_PLANT-APND,-0.5746482149999997
POD_INTKEP_2_UNITS-APND,-0.5746839800000001
KERR_1_SKQ-APND,-0.5748896000000001
COLVIL_7_PL1X2-APND,-0.57522356
DGAP_GWA-APND,-0.5752456399999999
FRFLD_WD_6_AGG-APND,-0.5752456399999999
CROOKEDF_1_CFALLS-APND,-0.5753007249999998
BLK_EGL_7_BEGL-APND,-0.5753514399999994
TIGRCK_7_UNITS-APND,-0.5754115850000003
POD_PAIGES_6_SOLAR-APND,-0.575672175
HOLTER_1_HLTR-APND,-0.5757190950000002
CANFERRY_1_CYFY-APND,-0.575972325
POD_SPICER_1_UNITS-APND,-0.576132405
POD_TIGRCK_7_UNITS-APND,-0.576132405
MSSHL100_1_MSG12-APND,-0.5761965749999995
ELAP_NWMT-APND,-0.5765599749999997
HCPR_2_TOT_GEN-APND,-0.5770887450000004
DGAP_IPCO-APND,-0.5771433699999999
SWPO_1_TOT_GEN-APND,-0.5774626100000001
MYSTIC_7_MYST-APND,-0.5775356350000002
CDPO_6_TOT_GEN-APND,-0.5788445650000003
POD_TBLMTN_6_QF-APND,-0.5791766849999997
POD_EXCLSG_1_SOLAR-APND,-0.5792748949999998
POD_NAROW2_2_UNIT-APND,-0.5792804150000004
LGPR_2_G011_G012-APND,-0.5793167550000002
CLAP_BANKPP-APND,-0.5797923950000001
DGAP_GRIF-APND,-0.5797923950000001
CLAP_SOTP-APND,-0.5797923950000001
CLAP_WWRSR1-APND,-0.5797923950000001
DGAP_HGMA-APND,-0.5797923950000001
DGAP_SPP-APND,-0.5797923950000001
DGAP_WAUW-APND,-0.580219505
LYPK_1_TOT_GEN-APND,-0.58043789
POD_ELECTR_7_PL1X3-APND,-0.5809348049999998
ELAP_IPCO-APND,-0.58129878
BSPO_1_TOT_GEN-APND,-0.5818759650000003
LSPR_1_TOT_GEN-APND,-0.5819006899999997
POD_ADMEST_6_SOLAR-APND,-0.5819764750000002
US12_1_TOT_A_GEN-APND,-0.5819940699999995
US34_1_TOT_B_GEN-APND,-0.5820392649999995
POD_EASTWD_7_UNIT-APND,-0.5825726349999998
TFPR_1_TOT_GEN-APND,-0.5828924500000003
SFPR_7_TOT_GEN-APND,-0.5828976250000002
MLPR_1_TOT_GEN-APND,-0.583653635
DGAP_DOPD-APND,-0.5841127150000001
MDPO_1_TOT_GEN-APND,-0.58500914
AFPR_1_TOT_GEN-APND,-0.5865047150000002
ELECTR_7_PL1X3-APND,-0.5878595299999996
ELAP_NEVP-APND,-0.5896527249999997
POD_GIFENS_6_BUGSL1-APND,-0.5898037200000001
POD_FRNTBW_6_SOLAR1-APND,-0.5904309299999997
POD_CRSTWD_6_KUMYAY-APND,-0.5912136199999998
DGAP_WACM-APND,-0.5912876800000002
DGAP_CISO-APND,-0.5939960449999998
POD_PMPJCK_1_SOLAR1-APND,-0.5941088599999997
WISHON_6_UNITS-APND,-0.594338515
DGAP_PSCO-APND,-0.5954484950000001
POD_WAUKNA_1_SOLAR2-APND,-0.5962342900000001
COVE_1_GEO-APND,-0.5968322900000003
POD_PMPJCK_1_RB2SLR-APND,-0.5975602399999997
SCHD_1_PDRP08-APND,-0.5988507700000001
SCHD_1_PDRP06-APND,-0.5988507700000001
SCHD_1_PDRP07-APND,-0.5988507700000001
SCHD_1_PDRP42-APND,-0.5988507700000001
SCHD_1_PDRP41-APND,-0.5988507700000001
SCHD_1_PDRP40-APND,-0.5988507700000001
SCHD_1_PDRP39-APND,-0.5988507700000001
SCHD_1_PDRP38-APND,-0.5988507700000001
SCHD_1_PDRP31-APND,-0.5988507700000001
SCHD_1_PDRP36-APND,-0.5988507700000001
SCHD_1_PDRP35-APND,-0.5988507700000001
SCHD_1_PDRP34-APND,-0.5988507700000001
SCHD_1_PDRP04-APND,-0.5988507700000001
SCHD_1_PDRP33-APND,-0.5988507700000001
SCHD_1_PDRP32-APND,-0.5988507700000001
SCHD_1_PDRP44-APND,-0.5988507700000001
SCHD_1_PDRP09-APND,-0.5988507700000001
SCHD_1_PDRP10-APND,-0.5988507700000001
SCHD_1_PDRP11-APND,-0.5988507700000001
SCHD_1_PDRP12-APND,-0.5988507700000001
SCHD_1_PDRP23-APND,-0.5988507700000001
SCHD_1_PDRP24-APND,-0.5988507700000001
SCHD_1_PDRP25-APND,-0.5988507700000001
SCHD_1_PDRP26-APND,-0.5988507700000001
SCHD_1_PDRP27-APND,-0.5988507700000001
SCHD_1_PDRP28-APND,-0.5988507700000001
SCHD_1_PDRP29-APND,-0.5988507700000001
SCHD_1_PDRP43-APND,-0.5988507700000001
SCHD_1_PDRP37-APND,-0.5988507700000001
SCHD_1_PDRP48-APND,-0.5988507700000001
SCHD_1_PDRP70-APND,-0.5988507700000001
SCHD_1_RDRR12-APND,-0.5988507700000001
SCHD_1_PDRP53-APND,-0.5988507700000001
SCHD_1_RDRR11-APND,-0.5988507700000001
SCHD_1_RDRR08-APND,-0.5988507700000001
SCHD_1_PDRP71-APND,-0.5988507700000001
SCHD_1_PDRP30-APND,-0.5988507700000001
SCHD_1_PDRP68-APND,-0.5988507700000001
SCHD_1_PDRP62-APND,-0.5988507700000001
SCHD_1_PDRP63-APND,-0.5988507700000001
SCHD_1_PDRP61-APND,-0.5988507700000001
SCHD_1_PDRP64-APND,-0.5988507700000001
MELONP_7_UNITS-APND,-0.5995592849999998
PNCHVS_2_SOLAR-APND,-0.60062269
PNOCHE_1_PL1X2-APND,-0.6007326300000002
POD_PNOCHE_1_PL1X2-APND,-0.6007326300000002
ELAND2_2_HYBRID-APND,-0.6016191649999999
ELAND1_2_HYBRID-APND,-0.6016578049999997
SLAP_PGZP-APND,-0.6017651
PTRPP_2_WIND-APND,-0.6018132849999998
RECPP_2_SOLAR-APND,-0.6018234049999998
BCNPPS5_2_SOLAR-APND,-0.6018685999999998
BCNPPS1_2_BATTERY-APND,-0.6018685999999998
BCNPPS1_2_SOLAR-APND,-0.6018685999999998
BCNPPS2_2_SOLAR-APND,-0.6018685999999998
BCNPPS3_2_SOLAR-APND,-0.6018685999999998
BCNPPS4_2_SOLAR-APND,-0.6018685999999998
PNCHPP_1_PL1X2-APND,-0.6020397199999998
POD_PNOCHE_1_UNITA1-APND,-0.6021732349999998
POD_PNCHPP_1_PL1X2-APND,-0.6021732349999998
POD_WLDWD_1_SOLAR1-APND,-0.6029176300000001
LECEF_1_UNITS-APND,-0.6036393700000002
POD_PNCHVS_2_SOLAR-APND,-0.6037074500000001
SLAP_PGF1-APND,-0.6038428050000002
POD_LECEF_1_UNITS-APND,-0.6038437249999999
PNCHEG_2_PL1X4-APND,-0.6040910899999999
POD_SALIRV_2_UNIT-APND,-0.6046886300000003
SOLBLU_2_WSBSX2-APND,-0.6049706099999999
POD_ARVINN_6_ORION1-APND,-0.6052015300000002
POD_ARVINN_6_ORION2-APND,-0.6052015300000002
PGZP_2_PDRP07-APND,-0.6056288700000001
PGZP_2_PDRP08-APND,-0.6056288700000001
PGZP_2_PDRP03-APND,-0.6056288700000001
PGZP_2_PDRP09-APND,-0.6056288700000001
PGZP_2_PDRP29-APND,-0.6056288700000001
PGZP_2_PDRP28-APND,-0.6056288700000001
PGZP_2_PDRP27-APND,-0.6056288700000001
PGZP_2_PDRP26-APND,-0.6056288700000001
PGZP_2_PDRP25-APND,-0.6056288700000001
PGZP_2_PDRP24-APND,-0.6056288700000001
PGZP_2_PDRP22-APND,-0.6056288700000001
PGZP_2_PDRP21-APND,-0.6056288700000001
PGZP_2_PDRP20-APND,-0.6056288700000001
PGZP_2_PDRP19-APND,-0.6056288700000001
PGZP_2_PDRP18-APND,-0.6056288700000001
PGZP_2_PDRP17-APND,-0.6056288700000001
PGZP_2_PDRP16-APND,-0.6056288700000001
PGZP_2_PDRP15-APND,-0.6056288700000001
PGZP_2_PDRP13-APND,-0.6056288700000001
PGZP_2_PDRP11-APND,-0.6056288700000001
PGZP_2_PDRP10-APND,-0.6056288700000001
PGZP_2_PDRP30-APND,-0.6056288700000001
PGZP_2_PDRP31-APND,-0.6056288700000001
PGZP_2_PDRP32-APND,-0.6056288700000001
PGZP_2_PDRP45-APND,-0.6056288700000001
PGZP_2_RDRR04-APND,-0.6056288700000001
PGZP_2_PDRP61-APND,-0.6056288700000001
PGZP_2_PDRP52-APND,-0.6056288700000001
PGZP_2_PDRP51-APND,-0.6056288700000001
PGZP_2_PDRP50-APND,-0.6056288700000001
PGZP_2_PDRP49-APND,-0.6056288700000001
PGZP_2_PDRP48-APND,-0.6056288700000001
PGZP_2_PDRP44-APND,-0.6056288700000001
PGZP_2_PDRP34-APND,-0.6056288700000001
PGZP_2_PDRP43-APND,-0.6056288700000001
PGZP_2_PDRP42-APND,-0.6056288700000001
PGZP_2_PDRP41-APND,-0.6056288700000001
PGZP_2_PDRP40-APND,-0.6056288700000001
PGZP_2_PDRP37-APND,-0.6056288700000001
PGZP_2_PDRP36-APND,-0.6056288700000001
PGZP_2_PDRP35-APND,-0.6056288700000001
PGZP_2_PDRP04-APND,-0.6056288700000001
PGZP_2_PDRP33-APND,-0.6056288700000001
PGZP_2_PDRP02-APND,-0.6056288700000001
PGZP_2_PDRP01-APND,-0.6056288700000001
POD_TANHIL_6_SOLART-APND,-0.6058561100000002
POD_LAMONT_1_SOLAR1-APND,-0.6066269549999999
DGAP_GRID-APND,-0.6071625099999995
SOLBLU_2_WSBBX2-APND,-0.60787252
POD_LAMONT_1_SOLAR3-APND,-0.6079768249999999
POD_LAMONT_1_SOLAR2-APND,-0.6079768249999999
POD_LAMONT_1_SOLAR5-APND,-0.6079768249999999
POD_LAMONT_1_SOLAR4-APND,-0.6079768249999999
POD_SUMWHT_6_SWSSR1-APND,-0.6081749699999996
POD_CALFTS_2_CFSSR1-APND,-0.6082942249999999
POD_CALFTN_2_SOLAR-APND,-0.6082942249999999
CLAP_TRNQLT-APND,-0.608864855
POD_TRNQLT_2_SOLAR-APND,-0.608864855
POD_TRNQL8_2_VERSR1-APND,-0.608864855
POD_TRNQL8_2_ROJSR1-APND,-0.608864855
POD_TRNQL8_2_AZUSR1-APND,-0.608864855
POD_TRNQL8_2_AMASR1-APND,-0.608864855
PP_1_PP-APND,-0.6090263149999997
LENZIE_7_UNITS PB2-APND,-0.609256545
LENZIE_7_UNITS PB1-APND,-0.609256545
POD_CHALK_1_UNIT-APND,-0.6094197299999999
POD_UNVRSY_1_UNIT 1-APND,-0.6094197299999999
H ALLEN_7_UNIT 3-4-APND,-0.60958809
HACC_7_UNITS 5-7-APND,-0.6096933150000001
POD_SLVRHWK_7_UNIT 3-APND,-0.609738395
POD_SLVRHWK_7_UNIT 4-APND,-0.609738395
SLVRHWK_7_UNITS-APND,-0.6097625450000002
APXGS_5_CC-APND,-0.609793825
POD_FMEADO_7_UNIT-APND,-0.6102604949999999
DGAP_LADWP-APND,-0.610761205
CLINESCO_3_ELCABOWF-APND,-0.6107753499999999
RDCLD_3_WIND-APND,-0.6108159450000001
AQUAWS_2_AQWSR1-APND,-0.61095981
POD_MTNPOS_1_UNIT-APND,-0.6110036249999998
TECOLOTE_3_TECOLOTEWF-APND,-0.6110037400000001
DGAP_PNM-APND,-0.6110105250000001
SCAGS_2_CC_4_5-APND,-0.6110937850000002
VALGS_2_CC_6_7_8-APND,-0.611116095
ELAP_LADWP-APND,-0.6112352349999999
POD_JAYNE_6_WLSLR-APND,-0.611430965
LVCOGEN_1_UNITS PB2-3-APND,-0.6115302099999996
HAYGS_2_CC8_9_10-APND,-0.6115473449999996
POD_VEDDER_1_SEKERN-APND,-0.6115890899999998
POD_DISCOV_1_CHEVRN-APND,-0.6115890899999998
POD_SEARLS_7_ARGUS-APND,-0.6116565949999998
POD_CALGEN_1_UNITS-APND,-0.6116565949999998
MOAPP_5_SOLAR-APND,-0.6116930500000004
HIGGINS_7_UNITS-APND,-0.6118011499999998
HARGS_1_CC_1_2_5-APND,-0.6123123250000001
CLARK_7_UNITS 7-9-APND,-0.6123206050000001
CLARK_7_UNITS 15-18-APND,-0.612350735
CLARK_7_UNITS 5-6 10-APND,-0.61244492
CLARK_7_UNITS 11-14-APND,-0.6126075300000005
SLAP_PGKN-APND,-0.6126105200000002
CLARK_7_UNITS 19-22-APND,-0.6126780250000003
ELAP_PNM-APND,-0.6129873749999998
MIDSUN_1_PL1X2-APND,-0.61311859
SUNRIS_2_PL1X3-APND,-0.6132398000000002
POD_TXMCKT_6_UNIT-APND,-0.6133659549999999
REXFRD_2_RSFSX2-APND,-0.6133805599999999
CMS3PP_5_SOLAR-APND,-0.6134763550000002
POD_SUNSLR_1_SSVSR1-APND,-0.613477965
DRYW_6_WIND-APND,-0.6135039549999999
INTGS_3_PP-APND,-0.6135769800000002
MIL1_3_WIND-APND,-0.6135769800000002
MIL2_3_WIND-APND,-0.6135769800000002
GRIFFITH_ASR-APND,-0.6140014450000002
TH_ZP26_GEN-APND,-0.6140561849999999
DRYE_6_WIND-APND,-0.614067685
POD_BEARMT_1_UNIT-APND,-0.6142002800000002
DGAP_WALC-APND,-0.6142499600000002
POD_KERNFT_1_UNITS-APND,-0.6143526550000001
POD_BDGRCK_1_UNITS-APND,-0.6143526550000001
POD_DOUBLC_1_UNITS-APND,-0.6143526550000001
POD_SIERRA_1_UNITS-APND,-0.6143526550000001
HAS_7_HAVASU_SOLAR-APND,-0.6143578300000002
DAVIS_2_HYDR-APND,-0.6143918699999998
NWM_1_NEWMAN_4CC-APND,-0.6144378699999997
NWM_1_NEWMAN_5CC-APND,-0.6145441299999996
OSO_3_OSO_GRANDE-APND,-0.6145525249999999
POD_SPV_3_UNIT4-APND,-0.6146174999999998
PGF1_2_PDRP21-APND,-0.6147453799999998
PGF1_2_PDRP24-APND,-0.6147453799999998
PGF1_2_PDRP25-APND,-0.6147453799999998
PGF1_2_PDRP46-APND,-0.6147453799999998
PGF1_2_PDRP20-APND,-0.6147453799999998
PGF1_2_PDRP19-APND,-0.6147453799999998
PGF1_2_PDRP18-APND,-0.6147453799999998
PGF1_2_PDRP17-APND,-0.6147453799999998
PGF1_2_PDRP16-APND,-0.6147453799999998
PGF1_2_PDRP47-APND,-0.6147453799999998
PGF1_2_PDRP27-APND,-0.6147453799999998
PGF1_2_PDRP26-APND,-0.6147453799999998
PGF1_2_PDRP44-APND,-0.6147453799999998
PGF1_2_PDRP45-APND,-0.6147453799999998
PGF1_2_PDRP28-APND,-0.6147453799999998
PGF1_2_PDRP29-APND,-0.6147453799999998
PGF1_2_PDRP30-APND,-0.6147453799999998
PGF1_2_PDRP33-APND,-0.6147453799999998
PGF1_2_PDRP36-APND,-0.6147453799999998
PGF1_2_PDRP37-APND,-0.6147453799999998
PGF1_2_PDRP38-APND,-0.6147453799999998
PGF1_2_PDRP39-APND,-0.6147453799999998
PGF1_2_PDRP40-APND,-0.6147453799999998
PGF1_2_PDRP41-APND,-0.6147453799999998
PGF1_2_PDRP42-APND,-0.6147453799999998
PGF1_2_PDRP43-APND,-0.6147453799999998
PGF1_2_PDRP89-APND,-0.6147453799999998
PGF1_2_PDRP49-APND,-0.6147453799999998
PGF1_2_PDRP48-APND,-0.6147453799999998
PGF1_2_PDRP80-APND,-0.6147453799999998
PGF1_2_PDRP73-APND,-0.6147453799999998
PGF1_2_PDRP74-APND,-0.6147453799999998
PGF1_2_PDRP75-APND,-0.6147453799999998
PGF1_2_PDRP76-APND,-0.6147453799999998
PGF1_2_PDRP77-APND,-0.6147453799999998
PGF1_2_PDRP78-APND,-0.6147453799999998
PGF1_2_RDRR01-APND,-0.6147453799999998
PGF1_2_PDRP98-APND,-0.6147453799999998
PGF1_2_PDRP97-APND,-0.6147453799999998
PGF1_2_PDRP79-APND,-0.6147453799999998
PGF1_2_PDRP81-APND,-0.6147453799999998
PGF1_2_PDRP93-APND,-0.6147453799999998
PGF1_2_PDRP82-APND,-0.6147453799999998
PGF1_2_PDRP83-APND,-0.6147453799999998
PGF1_2_PDRP84-APND,-0.6147453799999998
PGF1_2_PDRP96-APND,-0.6147453799999998
PGF1_2_PDRP95-APND,-0.6147453799999998
PGF1_2_PDRP85-APND,-0.6147453799999998
PGF1_2_PDRP86-APND,-0.6147453799999998
PGF1_2_PDRP94-APND,-0.6147453799999998
PGF1_2_PDRP87-APND,-0.6147453799999998
PGF1_2_PDRP88-APND,-0.6147453799999998
PGF1_2_PDRP72-APND,-0.6147453799999998
PGF1_2_PDRP71-APND,-0.6147453799999998
PGF1_2_PDRP70-APND,-0.6147453799999998
PGF1_2_PDRP69-APND,-0.6147453799999998
PGF1_2_PDRP92-APND,-0.6147453799999998
PGF1_2_PDRP50-APND,-0.6147453799999998
PGF1_2_PDRP51-APND,-0.6147453799999998
PGF1_2_PDRP52-APND,-0.6147453799999998
PGF1_2_PDRP53-APND,-0.6147453799999998
PGF1_2_PDRP13-APND,-0.6147453799999998
PGF1_2_PDRP91-APND,-0.6147453799999998
PGF1_2_PDRP54-APND,-0.6147453799999998
PGF1_2_PDRP55-APND,-0.6147453799999998
PGF1_2_PDRP56-APND,-0.6147453799999998
PGF1_2_PDRP57-APND,-0.6147453799999998
PGF1_2_PDRP58-APND,-0.6147453799999998
PGF1_2_PDRP59-APND,-0.6147453799999998
PGF1_2_PDRP60-APND,-0.6147453799999998
PGF1_2_PDRP61-APND,-0.6147453799999998
PGF1_2_PDRP62-APND,-0.6147453799999998
PGF1_2_PDRP63-APND,-0.6147453799999998
PGF1_2_PDRP64-APND,-0.6147453799999998
PGF1_2_PDRP65-APND,-0.6147453799999998
PGF1_2_PDRP66-APND,-0.6147453799999998
PGF1_2_PDRP68-APND,-0.6147453799999998
PGF1_2_PDRP14-APND,-0.6147453799999998
PGF1_2_PDRP109-APND,-0.6147453799999998
PGF1_2_PDRP120-APND,-0.6147453799999998
PGF1_2_PDRP111-APND,-0.6147453799999998
PGF1_2_PDRP04-APND,-0.6147453799999998
PGF1_2_PDRP05-APND,-0.6147453799999998
PGF1_2_PDRP06-APND,-0.6147453799999998
PGF1_2_PDRP103-APND,-0.6147453799999998
PGF1_2_PDRP104-APND,-0.6147453799999998
PGF1_2_PDRP105-APND,-0.6147453799999998
PGF1_2_PDRP106-APND,-0.6147453799999998
PGF1_2_PDRP107-APND,-0.6147453799999998
PGF1_2_PDRP108-APND,-0.6147453799999998
PGF1_2_PDRP11-APND,-0.6147453799999998
PGF1_2_PDRP110-APND,-0.6147453799999998
PGF1_2_PDRP03-APND,-0.6147453799999998
PGF1_2_PDRP12-APND,-0.6147453799999998
PGF1_2_PDRP116-APND,-0.6147453799999998
DGAP_EPE-APND,-0.614765505
PGKN_2_PDRP07-APND,-0.6147675749999997
PGKN_2_PDRP53-APND,-0.6147675749999997
PGKN_2_PDRP51-APND,-0.6147675749999997
PGKN_2_PDRP50-APND,-0.6147675749999997
PGKN_2_PDRP49-APND,-0.6147675749999997
PGKN_2_PDRP17-APND,-0.6147675749999997
PGKN_2_PDRP18-APND,-0.6147675749999997
PGKN_2_PDRP48-APND,-0.6147675749999997
PGKN_2_PDRP44-APND,-0.6147675749999997
PGKN_2_PDRP01-APND,-0.6147675749999997
PGKN_2_PDRP43-APND,-0.6147675749999997
PGKN_2_PDRP42-APND,-0.6147675749999997
PGKN_2_PDRP08-APND,-0.6147675749999997
PGKN_2_PDRP41-APND,-0.6147675749999997
PGKN_2_PDRP40-APND,-0.6147675749999997
PGKN_2_PDRP19-APND,-0.6147675749999997
PGKN_2_PDRP20-APND,-0.6147675749999997
PGKN_2_PDRP21-APND,-0.6147675749999997
PGKN_2_PDRP38-APND,-0.6147675749999997
PGKN_2_PDRP22-APND,-0.6147675749999997
PGKN_2_PDRP24-APND,-0.6147675749999997
PGKN_2_PDRP25-APND,-0.6147675749999997
PGKN_2_PDRP32-APND,-0.6147675749999997
PGKN_2_PDRP33-APND,-0.6147675749999997
PGKN_2_PDRP34-APND,-0.6147675749999997
PGKN_2_PDRP35-APND,-0.6147675749999997
PGKN_2_PDRP55-APND,-0.6147675749999997
PGKN_2_PDRP59-APND,-0.6147675749999997
PGKN_2_PDRP16-APND,-0.6147675749999997
PGKN_2_RDRR02-APND,-0.6147675749999997
PGKN_2_PDRP09-APND,-0.6147675749999997
PGKN_2_PDRP06-APND,-0.6147675749999997
PGKN_2_PDRP10-APND,-0.6147675749999997
PGKN_2_PDRP04-APND,-0.6147675749999997
PGKN_2_PDRP03-APND,-0.6147675749999997
PGKN_2_PDRP02-APND,-0.6147675749999997
PGKN_2_PDRP15-APND,-0.6147675749999997
PGKN_2_PDRP36-APND,-0.6147675749999997
PGKN_2_PDRP37-APND,-0.6147675749999997
PGKN_2_PDRP14-APND,-0.6147675749999997
PGKN_2_PDRP65-APND,-0.6147675749999997
PGKN_2_PDRP12-APND,-0.6147675749999997
PGKN_2_PDRP13-APND,-0.6147675749999997
POD_CH_2_CHST1MSG-APND,-0.6148960299999999
SOUTHPOINT_2_UNITS-APND,-0.6150306949999998
SP_2_SPCTMSG-APND,-0.6150306949999998
POD_CH_5_CHST3MSG-APND,-0.61504139
POD_LUNA_3_LEF-APND,-0.6151045249999998
AFTON_3_AFTONCC-APND,-0.61517249
POD_CO_5_UNIT2-APND,-0.6152094050000001
POD_CO_5_UNIT1-APND,-0.6152094050000001
DBN_2_BLK1-APND,-0.6153708649999998
GL_2_MWE-APND,-0.6154601049999998
BST_1_17900_ANT_BST-APND,-0.6154705700000002
PHELPS_1_PD_NCL-APND,-0.6155323250000002
DGAP_TEPC-APND,-0.6157088499999999
HAVASU_2_CAPAGPUMPS-APND,-0.6159215999999998
REDROCK_1_CAPAGPUMPS-APND,-0.6159703599999998
CLAP_DIABLO-APND,-0.6160516649999999
SALOME_1_CAPAGSOLAR-APND,-0.6160518949999999
ELAP_EPE-APND,-0.61610077
BOKS_1_SOLAR-APND,-0.6161681600000002
CPG_2_BLKA-APND,-0.6161691950000001
CPG_2_BLKB-APND,-0.6161691950000001
CPG_2_BLKC-APND,-0.6161691950000001
CARBOU_7_PL4X5-APND,-0.6161918500000003
SLNX_2_SOLANA-APND,-0.6161973699999999
ELKHIL_2_PL1X3-APND,-0.6163308850000001
GR_5_GILA_RIVER_3-APND,-0.6164901599999999
GLRV_5_BLK4-APND,-0.6165021199999996
PARKER_2_HYDR-APND,-0.6165354700000001
GLRV_5_BLK1-APND,-0.6165448999999998
ST_2_BLK5-APND,-0.6166921
MEE_5_BLK1-APND,-0.6168497649999999
ST_2_BLK6-APND,-0.6168539049999999
RW_5_RHCC2MSG-APND,-0.61688208
POD_LAPLMA_2_UNIT 4-APND,-0.6169024349999999
POD_SUNSET_2_UNITS-APND,-0.6169024349999999
POD_SUNRIS_2_PL1X3-APND,-0.6169024349999999
POD_ELKHIL_2_PL1X3-APND,-0.6169024349999999
POD_LAPLMA_2_UNIT 1-APND,-0.6169024349999999
POD_LAPLMA_2_UNIT 2-APND,-0.6169024349999999
POD_LAPLMA_2_UNIT 3-APND,-0.6169024349999999
WP_2_WPCC5MSG-APND,-0.616922215
CPXG_6_SOLAR-APND,-0.6169502749999998
WP_2_WPCC4-APND,-0.617003405
RW_5_RHCC1MSG-APND,-0.6170083500000001
CLAP_WALC-APND,-0.617054925
DGAP_DEAA-APND,-0.6170935649999997
KY_6_BLK7-APND,-0.6171262249999999
POD_HENRTS_1_SOLAR-APND,-0.6171678549999999
CMC_7_ALIGNEDDC-APND,-0.6171680850000003
ELAP_TEPC-APND,-0.6172265049999999
ELAP_AZPS-APND,-0.6172350149999997
BZ_7_STZ-TRPG-APND,-0.6172442150000004
POD_DIABLO_7_UNIT 1-APND,-0.6172648000000001
POD_DIABLO_7_UNIT 2-APND,-0.6172648000000001
ELAP_SRP-APND,-0.61729079
ELAP_WALC-APND,-0.61732138
YU_6_TGEN-APND,-0.6175272300000001
FH_7_FT_HUACH_SOLR-APND,-0.6176306149999997
CHESTN_2_CHWSX2-APND,-0.6176340650000001
POD_EXCHEC_7_UNIT 1-APND,-0.617681675
CLAP_AEPCO-APND,-0.6177162900000001
DSN_7_FHS_BESS-APND,-0.6178477349999997
POD_BASICE_2_UNITS-APND,-0.6181877899999998
POD_CARBOU_7_PL4X5-APND,-0.6181952650000001
SLL_6_MCASY-APND,-0.6182342499999999
TWINPEAK_1_CAPAGPUMPS-APND,-0.61834028
CLAP_MSLD67-APND,-0.6184272200000003
HENRTA_6_ELCBX2-APND,-0.6184631
NORORC_2_NOSBX2-APND,-0.6198121650000001
DGAP_IID-APND,-0.62014049
POD_BIGCRK_2_EXESWD-APND,-0.6204572000000002
CLAP_CDWR07-APND,-0.6206104949999998
CDWR07_2_GEN-APND,-0.6207711499999999
POD_MSTANG_2_SOLAR3-APND,-0.6208999499999998
DGAP_CEN-APND,-0.6221059549999999
GWFPWR_1_UNITS-APND,-0.623672715
SLAP_PGCC-APND,-0.6242461050000001
POD_CHWCHL_1_UNIT-APND,-0.6247013900000002
DLAP_VEA-APND,-0.6251271199999999
PGCC_1_PDRP22-APND,-0.6251687499999998
PGCC_1_PDRP02-APND,-0.6251687499999998
PGCC_1_PDRP27-APND,-0.6251687499999998
PGCC_1_PDRP04-APND,-0.6251687499999998
PGCC_1_PDRP26-APND,-0.6251687499999998
PGCC_1_PDRP07-APND,-0.6251687499999998
PGCC_1_PDRP25-APND,-0.6251687499999998
PGCC_1_PDRP24-APND,-0.6251687499999998
PGCC_1_PDRP21-APND,-0.6251687499999998
PGCC_1_PDRP12-APND,-0.6251687499999998
PGCC_1_PDRP20-APND,-0.6251687499999998
PGCC_1_PDRP08-APND,-0.6251687499999998
PGCC_1_PDRP19-APND,-0.6251687499999998
PGCC_1_PDRP18-APND,-0.6251687499999998
PGCC_1_PDRP17-APND,-0.6251687499999998
PGCC_1_PDRP16-APND,-0.6251687499999998
PGCC_1_PDRP13-APND,-0.6251687499999998
PGCC_1_PDRP100-APND,-0.6251687499999998
PGCC_1_PDRP06-APND,-0.6251687499999998
PGCC_1_PDRP32-APND,-0.6251687499999998
PGCC_1_PDRP60-APND,-0.6251687499999998
PGCC_1_PDRP35-APND,-0.6251687499999998
PGCC_1_PDRP34-APND,-0.6251687499999998
PGCC_1_PDRP41-APND,-0.6251687499999998
PGCC_1_PDRP33-APND,-0.6251687499999998
PGCC_1_PDRP45-APND,-0.6251687499999998
PGCC_1_PDRP38-APND,-0.6251687499999998
PGCC_1_PDRP31-APND,-0.6251687499999998
PGCC_1_PDRP36-APND,-0.6251687499999998
PGCC_1_PDRP29-APND,-0.6251687499999998
PGCC_1_PDRP28-APND,-0.6251687499999998
PGCC_1_RDRR01-APND,-0.6251687499999998
PGCC_1_PDRP99-APND,-0.6251687499999998
PGCC_1_PDRP98-APND,-0.6251687499999998
BIGCRK_2_EXESWD-APND,-0.625282255
MDFKRL_2_PROJCT-APND,-0.62536517
CHESTN_2_CHWBX2-APND,-0.62605701
POD_AGRICO_6_PL3N5-APND,-0.6263665900000002
POD_AGRICO_7_UNIT-APND,-0.6263665900000002
AGRICO_6_PL3N5-APND,-0.626563585
AGRICO_7_UNIT-APND,-0.626563585
POD_MDFKRL_2_PROJCT-APND,-0.6289657049999999
MOSSLD_2_PSP1-APND,-0.630287515
ELKHRN_1_EESX3-APND,-0.6307243999999996
POD_MOSSLD_2_PSP2-APND,-0.631330795
POD_MOSSLD_2_PSP1-APND,-0.631330795
MOSSLD_2_PSP2-APND,-0.6320500049999999
TH_SP15_GEN-APND,-0.6323986850000001
REXFRD_2_RSFBX2-APND,-0.6328632849999999
POD_NWCSTL_7_UNIT 1-APND,-0.6335125750000001
POD_RSMSLR_6_SOLAR2-APND,-0.6361678099999998
POD_RSMSLR_6_SOLAR1-APND,-0.6361678099999998
PGP2_2_PDRP58-APND,-0.637012945
PGP2_2_PDRP61-APND,-0.637012945
PGP2_2_PDRP17-APND,-0.637012945
PGP2_2_PDRP22-APND,-0.637012945
PGP2_2_PDRP23-APND,-0.637012945
PGP2_2_PDRP07-APND,-0.637012945
PGP2_2_PDRP24-APND,-0.637012945
PGP2_2_PDRP28-APND,-0.637012945
PGP2_2_PDRP62-APND,-0.637012945
PGP2_2_PDRP60-APND,-0.637012945
PGP2_2_PDRP25-APND,-0.637012945
PGP2_2_PDRP08-APND,-0.637012945
PGP2_2_PDRP31-APND,-0.637012945
PGP2_2_PDRP26-APND,-0.637012945
PGP2_2_PDRP32-APND,-0.637012945
PGP2_2_PDRP47-APND,-0.637012945
PGP2_2_PDRP67-APND,-0.637012945
PGP2_2_PDRP53-APND,-0.637012945
PGP2_2_PDRP48-APND,-0.637012945
PGP2_2_PDRP44-APND,-0.637012945
PGP2_2_PDRP43-APND,-0.637012945
PGP2_2_PDRP42-APND,-0.637012945
PGP2_2_PDRP66-APND,-0.637012945
PGP2_2_PDRP29-APND,-0.637012945
PGP2_2_PDRP55-APND,-0.637012945
PGP2_2_PDRP68-APND,-0.637012945
PGP2_2_PDRP69-APND,-0.637012945
PGP2_2_PDRP30-APND,-0.637012945
PGP2_2_PDRP38-APND,-0.637012945
PGP2_2_PDRP35-APND,-0.637012945
PGP2_2_PDRP33-APND,-0.637012945
PGP2_2_PDRP54-APND,-0.637012945
PGP2_2_PDRP09-APND,-0.637012945
PGP2_2_PDRP11-APND,-0.637012945
PGP2_2_PDRP56-APND,-0.637012945
PGP2_2_PDRP64-APND,-0.637012945
PGP2_2_PDRP63-APND,-0.637012945
PGP2_2_PDRP65-APND,-0.637012945
PGP2_2_PDRP05-APND,-0.6370197300000002
WNDSTR_2_WIND-APND,-0.6378161049999997
VESTAL_2_KERN-APND,-0.638730355
POD_CEDUCR_2_SOLAR2-APND,-0.6387311600000001
POD_CEDUCR_2_SOLAR1-APND,-0.6387311600000001
POD_CEDUCR_2_SOLAR3-APND,-0.6387311600000001
POD_CEDUCR_2_SOLAR4-APND,-0.6387311600000001
SLAP_VEA-APND,-0.6404907750000001
POD_BALCHS_7_UNIT 2-APND,-0.6425428350000001
PINFLT_7_UNITS-APND,-0.6425828550000001
POD_LASSEN_6_UNITS-APND,-0.642634375
SLSTR2_2_SOLAR2-APND,-0.64345605
SLAP_SCHD-APND,-0.6436573000000002
SLSTR1_2_SOLAR1-APND,-0.644089125
DELSUR_6_CREST-APND,-0.6443852500000002
ANTLPE_2_QF-APND,-0.6450880149999999
POD_CATLNA_2_SOLAR2-APND,-0.645503395
POD_DSFLWR_2_WS2SR1-APND,-0.645503395
POD_VALTNE_2_AVASR1-APND,-0.645503395
POD_KNGBRD_2_SOLAR2-APND,-0.645503395
POD_GARLND_2_GASLR-APND,-0.645503395
POD_SLSTR1_2_SOLAR1-APND,-0.645503395
POD_KNGBRD_2_SOLAR1-APND,-0.645503395
POD_RATSKE_2_NROSR1-APND,-0.645503395
POD_GARLND_2_GASLRA-APND,-0.645503395
POD_RTEDDY_2_SOLAR1-APND,-0.645503395
POD_ASTORA_2_SOLAR2-APND,-0.645503395
POD_ASTORA_2_SOLAR1-APND,-0.645503395
POD_GASKW1_2_GW1SR1-APND,-0.645503395
POD_RTEDDY_2_SOLAR2-APND,-0.645503395
POD_SLSTR2_2_SOLAR2-APND,-0.645503395
CLAP_GARLND-APND,-0.645503395
CLAP_GW2BT1-APND,-0.645503395
BRODIE_2_WIND-APND,-0.6457559349999997
ALAMIT_2_PL1X3-APND,-0.6459362549999998
DGAP_BURBANK-APND,-0.646843605
POD_ACACIA_6_SOLAR-APND,-0.6468957
POD_GLDFGR_6_SOLAR2-APND,-0.6468957
POD_GLDFGR_6_SOLAR1-APND,-0.6468957
POD_ROSMND_6_SOLAR-APND,-0.6468957
POD_CAMLOT_2_SOLAR2-APND,-0.6471654899999998
POD_ARBWD_6_QF-APND,-0.6471654899999998
POD_KERRGN_1_UNIT 1-APND,-0.6471654899999998
POD_ALTA4A_2_CPCW1-APND,-0.6471654899999998
POD_MIDWD_2_WIND2-APND,-0.6471654899999998
POD_MIDWD_7_CORAMB-APND,-0.6471654899999998
POD_MOJAVW_2_SOLAR-APND,-0.6471654899999998
POD_MORWD_6_QF-APND,-0.6471654899999998
POD_ENWIND_2_WIND2-APND,-0.6471654899999998
POD_DTCHWD_2_BT3WND-APND,-0.6471654899999998
POD_NZWIND_2_WDSTR5-APND,-0.6471654899999998
POD_NZWIND_6_CALWND-APND,-0.6471654899999998
POD_NZWIND_6_WDSTR-APND,-0.6471654899999998
POD_NZWIND_6_WDSTR2-APND,-0.6471654899999998
POD_NZWIND_6_WDSTR3-APND,-0.6471654899999998
POD_NZWIND_6_WDSTR4-APND,-0.6471654899999998
POD_OAKWD_6_QF-APND,-0.6471654899999998
POD_OAKWD_6_ZEPHWD-APND,-0.6471654899999998
POD_ALTA4B_2_CPCW2-APND,-0.6471654899999998
POD_FLOWD_2_RT2WD2-APND,-0.6471654899999998
POD_GLDTWN_6_COLUM3-APND,-0.6471654899999998
POD_ALTA4B_2_CPCW3-APND,-0.6471654899999998
POD_ENWIND_2_WIND1-APND,-0.6471654899999998
POD_CAMLOT_2_SOLAR1-APND,-0.6471654899999998
POD_ALTA3A_2_CPCE4-APND,-0.6471654899999998
POD_ALTA3A_2_CPCE5-APND,-0.6471654899999998
POD_FLOWD_2_WIND1-APND,-0.6471654899999998
POD_GLDTWN_6_SOLAR-APND,-0.6471654899999998
BELLEF_2_BSFBX3-APND,-0.6472171250000001
BELLEF_2_BSFSX3-APND,-0.6472655399999999
POD_ALTA6E_2_WIND10-APND,-0.647289805
POD_ALTA6B_2_WIND11-APND,-0.647289805
POD_RTREE_2_WIND2-APND,-0.647289805
POD_RTREE_2_WIND3-APND,-0.647289805
POD_RTREE_2_WIND1-APND,-0.647289805
POD_VOYAGR_2_VOYWD2-APND,-0.647289805
POD_VOYAGR_2_VOYWD3-APND,-0.647289805
POD_VOYAGR_2_VOYWD4-APND,-0.647289805
POD_BGSKYN_2_AS2SR1-APND,-0.6481605850000002
POD_BIGSKY_2_BSKSR8-APND,-0.6481605850000002
POD_BIGSKY_2_SOLAR7-APND,-0.6481605850000002
POD_BIGSKY_2_SOLAR6-APND,-0.6481605850000002
POD_BIGSKY_2_SOLAR3-APND,-0.6481605850000002
POD_BIGSKY_2_SOLAR2-APND,-0.6481605850000002
POD_BIGSKY_2_SOLAR1-APND,-0.6481605850000002
POD_BIGSKY_2_SOLAR4-APND,-0.6481605850000002
POD_BGSKYN_2_ASPSR2-APND,-0.6481605850000002
POD_BIGSKY_2_BSKSR7-APND,-0.6481605850000002
POD_BIGSKY_2_BSKSR6-APND,-0.6481605850000002
POD_BGSKYN_2_BS3SR3-APND,-0.6481605850000002
SCEN_6_PDRP39-APND,-0.648340215
SCEN_6_PDRP29-APND,-0.648340215
SCEN_6_RDRR13-APND,-0.648340215
SCEN_6_RDRR12-APND,-0.648340215
SCEN_6_RDRR02-APND,-0.648340215
SCEN_6_PDRP99-APND,-0.648340215
SCEN_6_PDRP97-APND,-0.648340215
SCEN_6_PDRP98-APND,-0.648340215
SCEN_6_PDRP31-APND,-0.648340215
SCEN_6_PDRP96-APND,-0.648340215
SCEN_6_PDRP95-APND,-0.648340215
SCEN_6_PDRP42-APND,-0.648340215
SCEN_6_PDRP30-APND,-0.648340215
SCEN_6_PDRP33-APND,-0.648340215
SCEN_6_PDRP32-APND,-0.648340215
SCEN_6_PDRP15-APND,-0.648340215
SCEN_6_PDRP34-APND,-0.648340215
SCEN_6_PDRP35-APND,-0.648340215
SCEN_6_PDRP36-APND,-0.648340215
SCEN_6_PDRP37-APND,-0.648340215
SCEN_6_PDRP41-APND,-0.648340215
SCEN_6_PDRP93-APND,-0.648340215
SCEN_6_PDRP54-APND,-0.648340215
SCEN_6_PDRP40-APND,-0.648340215
SCEN_6_PDRP38-APND,-0.648340215
SCEN_6_PDRP94-APND,-0.648340215
SCEN_6_PDRP53-APND,-0.648340215
SCEN_6_PDRP91-APND,-0.648340215
SCEN_6_PDRP101-APND,-0.648340215
SCEN_6_PDRP01-APND,-0.648340215
SCEN_6_PDRP02-APND,-0.648340215
SCEN_6_PDRP03-APND,-0.648340215
SCEN_6_PDRP06-APND,-0.648340215
SCEN_6_PDRP07-APND,-0.648340215
SCEN_6_PDRP08-APND,-0.648340215
SCEN_6_PDRP09-APND,-0.648340215
SCEN_6_PDRP102-APND,-0.648340215
SCEN_6_PDRP55-APND,-0.648340215
SCEN_6_PDRP104-APND,-0.648340215
SCEN_6_PDRP105-APND,-0.648340215
SCEN_6_PDRP106-APND,-0.648340215
SCEN_6_PDRP109-APND,-0.648340215
SCEN_6_PDRP11-APND,-0.648340215
SCEN_6_PDRP111-APND,-0.648340215
SCEN_6_PDRP113-APND,-0.648340215
SCEN_6_PDRP27-APND,-0.648340215
SCEN_6_PDRP56-APND,-0.648340215
SCEN_6_PDRP88-APND,-0.648340215
SCEN_6_PDRP76-APND,-0.648340215
SCEN_6_PDRP87-APND,-0.648340215
SCEN_6_PDRP86-APND,-0.648340215
SCEN_6_PDRP85-APND,-0.648340215
SCEN_6_PDRP84-APND,-0.648340215
SCEN_6_PDRP81-APND,-0.648340215
SCEN_6_PDRP80-APND,-0.648340215
SCEN_6_PDRP79-APND,-0.648340215
SCEN_6_PDRP66-APND,-0.648340215
SCEN_6_PDRP58-APND,-0.648340215
SCEN_6_PDRP65-APND,-0.648340215
SCEN_6_PDRP64-APND,-0.648340215
SCEN_6_PDRP63-APND,-0.648340215
SCEN_6_PDRP62-APND,-0.648340215
SCEN_6_PDRP61-APND,-0.648340215
SCEN_6_PDRP60-APND,-0.648340215
SCEN_6_PDRP59-APND,-0.648340215
SCEN_6_PDRP89-APND,-0.648340215
SCEN_6_PDRP14-APND,-0.648340215
SCEN_6_PDRP43-APND,-0.648340215
SCEN_6_PDRP44-APND,-0.648340215
SCEN_6_PDRP50-APND,-0.648340215
SCEN_6_PDRP51-APND,-0.648340215
SCEN_6_PDRP45-APND,-0.648340215
SCEN_6_PDRP49-APND,-0.648340215
SCEN_6_PDRP48-APND,-0.648340215
SCEN_6_PDRP52-APND,-0.648340215
SCEN_6_PDRP46-APND,-0.648340215
SCEN_6_PDRP47-APND,-0.648340215
POD_ULTPFR_1_UNIT 1-APND,-0.648348725
CLAP_IVSLRP-APND,-0.64848408
SLAP_SCEN-APND,-0.6485645799999997
DC_SYLMAR-APND,-0.648774915
DC_SYLMAR_BURB-APND,-0.648775145
DC_SYLMAR_LADWP-APND,-0.648775145
DC_SYLMAR_GLEN-APND,-0.648775145
PRIMM_2_SOLAR1-APND,-0.648830805
MALAGA_1_ACDBX2-APND,-0.6488318399999999
CLAP_ENERSJ-APND,-0.6488446049999996
POD_OMAR_2_UNIT 1-APND,-0.64891188
POD_SYCAMR_2_UNIT 4-APND,-0.64891188
POD_OMAR_2_UNIT 2-APND,-0.64891188
POD_OMAR_2_UNIT 3-APND,-0.64891188
POD_OMAR_2_UNIT 4-APND,-0.64891188
POD_SYCAMR_2_UNIT 3-APND,-0.64891188
POD_SYCAMR_2_UNIT 2-APND,-0.64891188
POD_SYCAMR_2_UNIT 1-APND,-0.64891188
DGAP_GLENDALE-APND,-0.649103355
POD_SGREGY_6_SANGER-APND,-0.6491099099999995
DSRTSL_2_SOLAR1-APND,-0.6491162349999999
CLAP_PRIMM-APND,-0.64937487
POD_PRIMM_2_SOLAR1-APND,-0.64937487
CLAP_PRIMMBT1-APND,-0.64937487
POD_DSRTSL_2_SOLAR1-APND,-0.6495306949999997
BLM_2_UNITS-APND,-0.6496144150000001
NAVYII_2_UNITS-APND,-0.649706415
TERMEX_2_PL1X3-APND,-0.6497693200000001
CLAP_TERMEX-APND,-0.6499711449999999
DC_ADLNTO_BURB-APND,-0.650328335
DC_ADLNTO-APND,-0.650328335
DC_ADLNTO_GLEN-APND,-0.650328335
DC_ADLNTO_LADWP-APND,-0.650328335
CLAP_CMS2-APND,-0.6503787050000002
POD_TEHAPI_2_WIND1-APND,-0.6504525350000001
POD_TEHAPI_2_WIND2-APND,-0.6504525350000001
POD_IVANPA_1_UNIT2-APND,-0.650558105
POD_IVANPA_1_UNIT3-APND,-0.650558105
POD_IVANPA_1_UNIT1-APND,-0.650558105
MRCHNT_2_PL1X3-APND,-0.6507005900000001
CLAP_CMS1-APND,-0.6507837349999999
CLAP_CMS4-APND,-0.65082893
CLAP_MRCHNT-APND,-0.65092484
SLAP_SCLD-APND,-0.65126455
CLAP_CSLR4S-APND,-0.6513142299999999
DGAP_AZPS-APND,-0.6514541849999995
WARNE_2_UNIT-APND,-0.6516158749999998
POD_RCKCRK_7_UNIT 1-APND,-0.652173855
SUNSHN_2_LNDFL-APND,-0.6523614199999999
IVWEST_2_SOLAR1-APND,-0.6524154699999997
DGAP_SRP-APND,-0.6524307649999999
GILROY_1_UNIT-APND,-0.6525695699999998
POD_BALCHS_7_UNIT 1-APND,-0.6526255750000001
GILRPP_1_PL1X2-APND,-0.6526415600000002
POD_GILRPP_1_PL3X4-APND,-0.6526695050000001
POD_GILROY_1_UNIT-APND,-0.6526695050000001
POD_GILRPP_1_PL1X2-APND,-0.6526695050000001
BUCKCK_7_PL1X2-APND,-0.6527196449999999
POD_MSOLAR_2_SOLAR3-APND,-0.6528543100000002
POD_MSOLAR_2_SOLAR2-APND,-0.6528543100000002
POD_LARKSP_6_UNIT 1-APND,-0.6528874300000003
POD_BORDER_6_UNITA1-APND,-0.6528874300000003
CLAP_LARKSP-APND,-0.6528874300000003
POD_LARKSP_6_UNIT 2-APND,-0.6528874300000003
JOA_5_SON_HYBRID-APND,-0.6533007399999999
GR_5_GILA_RIVER_2-APND,-0.6533007399999999
CRESTA_7_PL1X2-APND,-0.65337296
POD_ORMOND_7_UNIT 2-APND,-0.6534432249999997
POD_ORMOND_7_UNIT 1-APND,-0.6534432249999997
CLAP_PEARBL-APND,-0.6534555300000002
LEBECS_2_UNITS-APND,-0.6535033699999999
PALOVRDE_ASR-APND,-0.6536348150000001
PLX_5_PLSTS-APND,-0.6536348150000001
CLAP_LAROA2-APND,-0.6536378049999998
POD_LEBECS_2_UNITS-APND,-0.653652525
LAROA2_2_UNITA1-APND,-0.6536863350000002
TENGEN_2_PL1X2-APND,-0.6536987550000001
CLAP_EDMONS-APND,-0.6539227750000002
CLAP_IVWEST-APND,-0.6540368550000001
POD_IVSLR2_2_SM2SR1-APND,-0.6540368550000001
POD_WISTRA_2_WRSSR1-APND,-0.6540368550000001
CLAP_WISTRA-APND,-0.6540368550000001
CLAP_SRMSR1-APND,-0.6540368550000001
POD_TERMEX_2_PL1X3-APND,-0.6540368550000001
POD_SLRMS3_2_SRMSR1-APND,-0.6540368550000001
CLAP_DREWSR-APND,-0.6540368550000001
POD_LAROA2_2_UNITA1-APND,-0.6540368550000001
CLAP_IVSLR2-APND,-0.6540368550000001
POD_TULEWD_1_TULWD1-APND,-0.6543263099999999
POD_CNTNLA_2_SOLAR1-APND,-0.6544106049999998
POD_CPVERD_2_SOLAR-APND,-0.6544106049999998
POD_IVSLRP_2_SOLAR1-APND,-0.6544106049999998
POD_CNTNLA_2_SOLAR2-APND,-0.6544106049999998
POD_IVWEST_2_SOLAR1-APND,-0.6544106049999998
CLAP_CPVERD-APND,-0.6544791449999998
BGROCK_2_BRFBX2-APND,-0.6545350349999999
DLAP_SDGE-APND,-0.65468971
DLAP_SCE-APND,-0.6549001600000004
POD_BUCKCK_7_PL1X2-APND,-0.6549253449999999
SCLD_1_PDRP09-APND,-0.654945585
SCLD_1_PDRP10-APND,-0.654945585
SCLD_1_PDRP06-APND,-0.654945585
SCLD_1_PDRP05-APND,-0.654945585
SCLD_1_PDRP11-APND,-0.654945585
POD_RCKCRK_7_UNIT 2-APND,-0.6549720349999999
CLAP_OCTILO-APND,-0.6550822050000005
POD_JACMSR_1_JACSR1-APND,-0.655090715
POD_POEPH_7_UNIT 1-APND,-0.6553508450000001
POD_POEPH_7_UNIT 2-APND,-0.6553508450000001
POD_ENERSJ_2_WIND-APND,-0.6553509600000003
CLAP_ESJWD2-APND,-0.6553509600000003
MCFLND_5_MBSBX2-APND,-0.6559590799999999
POD_SEGS_1_SR2SL2-APND,-0.6559867949999998
HIDSRT_2_UNITS-APND,-0.6561774650000001
POD_HIDSRT_2_UNITS-APND,-0.6562226600000002
POD_CRESTA_7_PL1X2-APND,-0.6563291500000001
POD_HELMPG_7_UNIT 1-APND,-0.6564380550000002
POD_HELMPG_7_UNIT 2-APND,-0.6564380550000002
POD_HELMPG_7_UNIT 3-APND,-0.6564380550000002
SANDLT_2_SUNITS-APND,-0.6565001550000005
POD_BLM_2_UNITS-APND,-0.6574969749999999
POD_NAVYII_2_UNITS-APND,-0.6574969749999999
POD_SANDLT_2_SUNITS-APND,-0.6574969749999999
POD_GRIZLY_1_UNIT 1-APND,-0.6583716649999998
CORONS_6_CLRWTR-APND,-0.6586474349999999
POD_ELCAJN_6_UNITA1-APND,-0.6586769899999998
POD_GLNARM_2_UNIT 5-APND,-0.6587009099999999
POD_VERNON_6_MALBRG-APND,-0.6594478350000001
MLAP_VERN-APND,-0.6594757800000004
VERNON_6_MALBRG-APND,-0.659543515
CARBOU_7_PL2X3-APND,-0.6595999799999998
POD_OTAY_6_PL1X2-APND,-0.6598538999999997
DVLCYN_1_UNITS-APND,-0.6598540150000002
HNTGBH_2_PL1X3-APND,-0.6600153600000002
SCNW_6_PDRP26-APND,-0.660144965
SCNW_6_PDRP07-APND,-0.660144965
SCNW_6_PDRP62-APND,-0.660144965
SCNW_6_PDRP47-APND,-0.660144965
SCNW_6_PDRP48-APND,-0.660144965
SCNW_6_PDRP49-APND,-0.660144965
SCNW_6_PDRP50-APND,-0.660144965
SCNW_6_PDRP51-APND,-0.660144965
SCNW_6_PDRP52-APND,-0.660144965
SCNW_6_PDRP53-APND,-0.660144965
SCNW_6_PDRP54-APND,-0.660144965
SCNW_6_PDRP55-APND,-0.660144965
SCNW_6_PDRP56-APND,-0.660144965
SCNW_6_PDRP59-APND,-0.660144965
SCNW_6_PDRP63-APND,-0.660144965
SCNW_6_PDRP45-APND,-0.660144965
SCNW_6_PDRP65-APND,-0.660144965
SCNW_6_PDRP66-APND,-0.660144965
SCNW_6_PDRP67-APND,-0.660144965
SCNW_6_PDRP68-APND,-0.660144965
SCNW_6_PDRP08-APND,-0.660144965
SCNW_6_PDRP73-APND,-0.660144965
SCNW_6_PDRP76-APND,-0.660144965
SCNW_6_PDRP88-APND,-0.660144965
SCNW_6_RDRR08-APND,-0.660144965
SCNW_6_RDRR10-APND,-0.660144965
SCNW_6_RDRR11-APND,-0.660144965
SCNW_6_PDRP46-APND,-0.660144965
SCNW_6_PDRP69-APND,-0.660144965
SCNW_6_PDRP44-APND,-0.660144965
SCNW_6_PDRP34-APND,-0.660144965
SCNW_6_PDRP43-APND,-0.660144965
SCNW_6_PDRP09-APND,-0.660144965
SCNW_6_PDRP10-APND,-0.660144965
SCNW_6_PDRP11-APND,-0.660144965
SCNW_6_PDRP12-APND,-0.660144965
SCNW_6_PDRP22-APND,-0.660144965
SCNW_6_PDRP24-APND,-0.660144965
SCNW_6_PDRP25-APND,-0.660144965
SCNW_6_PDRP27-APND,-0.660144965
SCNW_6_PDRP30-APND,-0.660144965
SCNW_6_PDRP31-APND,-0.660144965
SCNW_6_PDRP32-APND,-0.660144965
SCNW_6_PDRP33-APND,-0.660144965
SCNW_6_PDRP28-APND,-0.660144965
SCNW_6_PDRP41-APND,-0.660144965
SCNW_6_PDRP35-APND,-0.660144965
SCNW_6_PDRP42-APND,-0.660144965
SCNW_6_PDRP36-APND,-0.660144965
SCNW_6_PDRP37-APND,-0.660144965
SCNW_6_PDRP38-APND,-0.660144965
SCNW_6_PDRP40-APND,-0.660144965
SCNW_6_PDRP39-APND,-0.660144965
POD_ALAMIT_2_PL1X3-APND,-0.660198555
POD_ALAMIT_7_UNIT 5-APND,-0.660198555
POD_BUTTVL_7_UNIT 1-APND,-0.6604059
SANITR_6_UNITS-APND,-0.661206185
POD_PIOPIC_2_CTG2-APND,-0.6614300899999996
POD_OTMESA_2_PL1X3-APND,-0.6614300899999996
POD_PIOPIC_2_CTG3-APND,-0.6614300899999996
POD_PIOPIC_2_CTG1-APND,-0.6614300899999996
OTMESA_2_PL1X3-APND,-0.6614825300000002
HARBGN_7_UNITS-APND,-0.661516225
POD_ARCOGN_2_UNITS-APND,-0.6617974000000003
SLAP_SCEC-APND,-0.661942415
POD_KELYRG_6_UNIT-APND,-0.6622348600000001
SLAP_SCEW-APND,-0.66230593
MLAP_ANHM-APND,-0.6624362250000002
SLAP_SCNW-APND,-0.6625499600000002
POD_ELSEGN_2_UN1011-APND,-0.6625504199999999
POD_ELSEGN_2_UN2021-APND,-0.6625504199999999
ELSEGN_2_UN2021-APND,-0.6625504199999999
ELSEGN_2_UN1011-APND,-0.6625504199999999
SCEW_2_PDRP58-APND,-0.6631549750000002
SCEW_2_PDRP60-APND,-0.6631549750000002
SCEW_2_PDRP61-APND,-0.6631549750000002
SCEW_2_PDRP62-APND,-0.6631549750000002
SCEW_2_PDRP63-APND,-0.6631549750000002
SCEW_2_PDRP64-APND,-0.6631549750000002
SCEW_2_PDRP65-APND,-0.6631549750000002
SCEW_2_PDRP66-APND,-0.6631549750000002
SCEW_2_PDRP67-APND,-0.6631549750000002
SCEW_2_PDRP68-APND,-0.6631549750000002
SCEW_2_PDRP69-APND,-0.6631549750000002
SCEW_2_PDRP70-APND,-0.6631549750000002
SCEW_2_PDRP71-APND,-0.6631549750000002
SCEW_2_PDRP72-APND,-0.6631549750000002
SCEW_2_PDRP73-APND,-0.6631549750000002
SCEW_2_PDRP74-APND,-0.6631549750000002
SCEW_2_PDRP75-APND,-0.6631549750000002
SCEW_2_PDRP77-APND,-0.6631549750000002
SCEW_2_PDRP78-APND,-0.6631549750000002
SCEW_2_PDRP79-APND,-0.6631549750000002
SCEW_2_PDRP80-APND,-0.6631549750000002
SCEW_2_PDRP81-APND,-0.6631549750000002
SCEW_2_PDRP82-APND,-0.6631549750000002
SCEW_2_PDRP83-APND,-0.6631549750000002
SCEW_2_PDRP85-APND,-0.6631549750000002
SCEW_2_PDRP89-APND,-0.6631549750000002
SCEW_2_RDRR08-APND,-0.6631549750000002
SCEW_2_RDRR25-APND,-0.6631549750000002
SCEW_2_RDRR26-APND,-0.6631549750000002
SCEW_2_RDRR27-APND,-0.6631549750000002
SCEW_2_PDRP59-APND,-0.6631549750000002
SCEW_2_PDRP141-APND,-0.6631549750000002
SCEW_2_PDRP57-APND,-0.6631549750000002
SCEW_2_PDRP171-APND,-0.6631549750000002
SCEW_2_PDRP117-APND,-0.6631549750000002
SCEW_2_PDRP118-APND,-0.6631549750000002
SCEW_2_PDRP119-APND,-0.6631549750000002
SCEW_2_PDRP120-APND,-0.6631549750000002
SCEW_2_PDRP121-APND,-0.6631549750000002
SCEW_2_PDRP122-APND,-0.6631549750000002
SCEW_2_PDRP123-APND,-0.6631549750000002
SCEW_2_PDRP124-APND,-0.6631549750000002
SCEW_2_PDRP125-APND,-0.6631549750000002
SCEW_2_PDRP130-APND,-0.6631549750000002
SCEW_2_PDRP131-APND,-0.6631549750000002
SCEW_2_PDRP133-APND,-0.6631549750000002
SCEW_2_PDRP159-APND,-0.6631549750000002
SCEW_2_PDRP160-APND,-0.6631549750000002
SCEW_2_PDRP167-APND,-0.6631549750000002
SCEW_2_PDRP116-APND,-0.6631549750000002
SCEW_2_PDRP114-APND,-0.6631549750000002
SCEW_2_PDRP112-APND,-0.6631549750000002
SCEW_2_PDRP103-APND,-0.6631549750000002
SCEW_2_PDRP03-APND,-0.6631549750000002
SCEW_2_PDRP09-APND,-0.6631549750000002
SCEW_2_PDRP10-APND,-0.6631549750000002
SCEW_2_PDRP100-APND,-0.6631549750000002
SCEW_2_PDRP101-APND,-0.6631549750000002
SCEW_2_PDRP102-APND,-0.6631549750000002
SCEW_2_PDRP104-APND,-0.6631549750000002
SCEW_2_PDRP111-APND,-0.6631549750000002
SCEW_2_PDRP105-APND,-0.6631549750000002
SCEW_2_PDRP106-APND,-0.6631549750000002
SCEW_2_PDRP107-APND,-0.6631549750000002
SCEW_2_PDRP108-APND,-0.6631549750000002
SCEW_2_PDRP109-APND,-0.6631549750000002
SCEW_2_PDRP110-APND,-0.6631549750000002
SCEW_2_PDRP168-APND,-0.6631549750000002
SCEW_2_PDRP163-APND,-0.6631549750000002
SCEW_2_PDRP172-APND,-0.6631549750000002
SCEW_2_PDRP39-APND,-0.6631549750000002
SCEW_2_PDRP173-APND,-0.6631549750000002
SCEW_2_PDRP42-APND,-0.6631549750000002
SCEW_2_PDRP43-APND,-0.6631549750000002
SCEW_2_PDRP44-APND,-0.6631549750000002
SCEW_2_PDRP45-APND,-0.6631549750000002
SCEW_2_PDRP46-APND,-0.6631549750000002
SCEW_2_PDRP47-APND,-0.6631549750000002
SCEW_2_PDRP48-APND,-0.6631549750000002
SCEW_2_PDRP49-APND,-0.6631549750000002
SCEW_2_PDRP50-APND,-0.6631549750000002
SCEW_2_PDRP51-APND,-0.6631549750000002
SCEW_2_PDRP52-APND,-0.6631549750000002
SCEW_2_PDRP53-APND,-0.6631549750000002
SCEW_2_PDRP54-APND,-0.6631549750000002
SCEW_2_PDRP55-APND,-0.6631549750000002
SCEW_2_PDRP40-APND,-0.6631549750000002
SCEW_2_PDRP41-APND,-0.6631549750000002
SCEW_2_PDRP38-APND,-0.6631549750000002
SCEW_2_PDRP180-APND,-0.6631549750000002
SCEW_2_PDRP175-APND,-0.6631549750000002
SCEW_2_PDRP56-APND,-0.6631549750000002
SCEW_2_PDRP177-APND,-0.6631549750000002
SCEW_2_PDRP37-APND,-0.6631549750000002
SCEW_2_PDRP179-APND,-0.6631549750000002
SCEW_2_PDRP182-APND,-0.6631549750000002
SCEW_2_PDRP183-APND,-0.6631549750000002
SCEW_2_PDRP186-APND,-0.6631549750000002
SCEW_2_PDRP187-APND,-0.6631549750000002
SCEW_2_PDRP19-APND,-0.6631549750000002
SCEW_2_PDRP190-APND,-0.6631549750000002
SCEW_2_PDRP20-APND,-0.6631549750000002
SCEW_2_PDRP174-APND,-0.6631549750000002
CLAP_OSO-APND,-0.6633333400000001
ATHOS_5_AP2X2-APND,-0.6638770600000001
CARLS1_2_CARCT1-APND,-0.6640358749999999
POD_CARLS1_2_CARCT1-APND,-0.664131785
POD_GRNLF2_1_UNIT-APND,-0.6643583349999997
POD_HNTGBH_2_PL1X3-APND,-0.6644562000000002
POD_HNTGBH_7_UNIT 2-APND,-0.6644562000000002
SLAP_SDG1-APND,-0.664541875
POD_RVSIDE_6_RERCU1-APND,-0.6645818950000002
POD_RVSIDE_6_RERCU2-APND,-0.6645818950000002
POD_MOJAVE_1_SIPHON-APND,-0.6645818950000002
POD_DVLCYN_1_UNITS-APND,-0.6645818950000002
POD_DREWS_6_PL1X4-APND,-0.6645818950000002
POD_COLTON_6_AGUAM1-APND,-0.6645818950000002
POD_CENTRY_6_PL1X4-APND,-0.6645818950000002
DREWS_6_PL1X4-APND,-0.6646058149999998
POD_ULTRCK_2_UNIT-APND,-0.6646157050000003
CENTRY_6_PL1X4-APND,-0.66461651
POD_GALE_1_SR3SR3-APND,-0.6648109750000002
PALOMR_2_PL1X3-APND,-0.6650837550000002
CLAP_BUNDLD-APND,-0.6650869749999999
CLAP_DAC-APND,-0.6650869749999999
MLAP_RVSD-APND,-0.6650984749999997
RVSIDE_6_SPRING-APND,-0.6650984749999997
POD_PALOMR_2_PL1X3-APND,-0.6651878300000004
POD_NIMTG_6_NICOGN-APND,-0.6652059999999997
POD_ESCNDO_6_PL1X2-APND,-0.66522256
POD_ESCNDO_6_UNITB1-APND,-0.66522256
POD_CARLS2_1_CARCT1-APND,-0.6654731450000002
ATHOS_5_AP1X2-APND,-0.6655005150000001
SDG1_1_PDRP122-APND,-0.6655683650000002
SDG1_1_PDRP31-APND,-0.6655683650000002
SDG1_1_PDRP30-APND,-0.6655683650000002
SDG1_1_PDRP28-APND,-0.6655683650000002
SDG1_1_PDRP27-APND,-0.6655683650000002
SDG1_1_PDRP26-APND,-0.6655683650000002
SDG1_1_PDRP25-APND,-0.6655683650000002
SDG1_1_PDRP15-APND,-0.6655683650000002
SDG1_1_PDRP14-APND,-0.6655683650000002
SDG1_1_PDRP123-APND,-0.6655683650000002
SDG1_1_PDRP121-APND,-0.6655683650000002
SDG1_1_PDRP120-APND,-0.6655683650000002
SDG1_1_PDRP119-APND,-0.6655683650000002
SDG1_1_PDRP118-APND,-0.6655683650000002
SDG1_1_PDRP117-APND,-0.6655683650000002
SDG1_1_PDRP114-APND,-0.6655683650000002
SDG1_1_PDRP113-APND,-0.6655683650000002
SDG1_1_PDRP32-APND,-0.6655683650000002
SDG1_1_PDRP106-APND,-0.6655683650000002
SDG1_1_PDRP105-APND,-0.6655683650000002
SDG1_1_PDRP104-APND,-0.6655683650000002
SDG1_1_PDRP111-APND,-0.6655683650000002
SDG1_1_PDRP43-APND,-0.6655683650000002
SDG1_1_PDRP33-APND,-0.6655683650000002
SDG1_1_PDRP34-APND,-0.6655683650000002
SDG1_1_PDRP65-APND,-0.6655683650000002
SDG1_1_PDRP64-APND,-0.6655683650000002
SDG1_1_PDRP63-APND,-0.6655683650000002
SDG1_1_PDRP62-APND,-0.6655683650000002
SDG1_1_PDRP61-APND,-0.6655683650000002
SDG1_1_PDRP60-APND,-0.6655683650000002
SDG1_1_PDRP51-APND,-0.6655683650000002
SDG1_1_PDRP50-APND,-0.6655683650000002
SDG1_1_PDRP49-APND,-0.6655683650000002
SDG1_1_PDRP48-APND,-0.6655683650000002
SDG1_1_PDRP47-APND,-0.6655683650000002
SDG1_1_PDRP46-APND,-0.6655683650000002
SDG1_1_PDRP45-APND,-0.6655683650000002
SDG1_1_PDRP44-APND,-0.6655683650000002
SDG1_1_PDRP102-APND,-0.6655683650000002
SDG1_1_PDRP42-APND,-0.6655683650000002
SDG1_1_PDRP41-APND,-0.6655683650000002
SDG1_1_PDRP40-APND,-0.6655683650000002
SDG1_1_PDRP39-APND,-0.6655683650000002
SDG1_1_PDRP38-APND,-0.6655683650000002
SDG1_1_PDRP37-APND,-0.6655683650000002
SDG1_1_PDRP103-APND,-0.6655683650000002
SDG1_1_PDRP70-APND,-0.6655683650000002
SDG1_1_PDRP101-APND,-0.6655683650000002
SDG1_1_PDRP86-APND,-0.6655683650000002
SDG1_1_PDRP67-APND,-0.6655683650000002
SDG1_1_PDRP100-APND,-0.6655683650000002
SDG1_1_PDRP99-APND,-0.6655683650000002
SDG1_1_PDRP98-APND,-0.6655683650000002
SDG1_1_PDRP97-APND,-0.6655683650000002
SDG1_1_PDRP96-APND,-0.6655683650000002
SDG1_1_PDRP93-APND,-0.6655683650000002
SDG1_1_PDRP91-APND,-0.6655683650000002
SDG1_1_PDRP89-APND,-0.6655683650000002
SDG1_1_PDRP88-APND,-0.6655683650000002
SDG1_1_PDRP66-APND,-0.6655683650000002
SDG1_1_PDRP85-APND,-0.6655683650000002
SDG1_1_PDRP05-APND,-0.6655683650000002
SDG1_1_PDRP84-APND,-0.6655683650000002
SDG1_1_PDRP09-APND,-0.6655683650000002
SDG1_1_PDRP07-APND,-0.6655683650000002
SDG1_1_PDRP06-APND,-0.6655683650000002
SDG1_1_PDRP08-APND,-0.6655683650000002
SDG1_1_PDRP04-APND,-0.6655683650000002
SDG1_1_PDRP68-APND,-0.6655683650000002
SDG1_1_PDRP69-APND,-0.6655683650000002
SDG1_1_PDRP71-APND,-0.6655683650000002
SCEC_1_PDRP156-APND,-0.6662303049999999
SCEC_1_PDRP146-APND,-0.6662303049999999
SCEC_1_PDRP155-APND,-0.6662303049999999
SCEC_1_PDRP154-APND,-0.6662303049999999
SCEC_1_PDRP153-APND,-0.6662303049999999
SCEC_1_PDRP152-APND,-0.6662303049999999
SCEC_1_PDRP151-APND,-0.6662303049999999
SCEC_1_PDRP150-APND,-0.6662303049999999
SCEC_1_PDRP149-APND,-0.6662303049999999
SCEC_1_PDRP148-APND,-0.6662303049999999
SCEC_1_PDRP147-APND,-0.6662303049999999
SCEC_1_PDRP141-APND,-0.6662303049999999
SCEC_1_PDRP145-APND,-0.6662303049999999
SCEC_1_PDRP144-APND,-0.6662303049999999
SCEC_1_PDRP143-APND,-0.6662303049999999
SCEC_1_PDRP142-APND,-0.6662303049999999
SCEC_1_PDRP140-APND,-0.6662303049999999
SCEC_1_PDRP14-APND,-0.6662303049999999
SCEC_1_PDRP139-APND,-0.6662303049999999
SCEC_1_PDRP138-APND,-0.6662303049999999
SCEC_1_PDRP137-APND,-0.6662303049999999
SCEC_1_PDRP135-APND,-0.6662303049999999
SCEC_1_PDRP134-APND,-0.6662303049999999
SCEC_1_PDRP136-APND,-0.6662303049999999
SCEC_1_PDRP114-APND,-0.6662303049999999
SCEC_1_PDRP133-APND,-0.6662303049999999
SCEC_1_PDRP102-APND,-0.6662303049999999
SCEC_1_PDRP11-APND,-0.6662303049999999
SCEC_1_PDRP109-APND,-0.6662303049999999
SCEC_1_PDRP108-APND,-0.6662303049999999
SCEC_1_PDRP107-APND,-0.6662303049999999
SCEC_1_PDRP106-APND,-0.6662303049999999
SCEC_1_PDRP105-APND,-0.6662303049999999
SCEC_1_PDRP104-APND,-0.6662303049999999
SCEC_1_PDRP103-APND,-0.6662303049999999
SCEC_1_PDRP101-APND,-0.6662303049999999
SCEC_1_PDRP111-APND,-0.6662303049999999
SCEC_1_PDRP100-APND,-0.6662303049999999
SCEC_1_PDRP10-APND,-0.6662303049999999
SCEC_1_PDRP09-APND,-0.6662303049999999
SCEC_1_PDRP08-APND,-0.6662303049999999
SCEC_1_PDRP07-APND,-0.6662303049999999
SCEC_1_PDRP06-APND,-0.6662303049999999
SCEC_1_PDRP05-APND,-0.6662303049999999
SCEC_1_DERP01-APND,-0.6662303049999999
SCEC_1_PDRP110-APND,-0.6662303049999999
SCEC_1_PDRP113-APND,-0.6662303049999999
SCEC_1_PDRP132-APND,-0.6662303049999999
SCEC_1_PDRP124-APND,-0.6662303049999999
SCEC_1_PDRP131-APND,-0.6662303049999999
SCEC_1_PDRP130-APND,-0.6662303049999999
SCEC_1_PDRP13-APND,-0.6662303049999999
SCEC_1_PDRP129-APND,-0.6662303049999999
SCEC_1_PDRP128-APND,-0.6662303049999999
SCEC_1_PDRP127-APND,-0.6662303049999999
SCEC_1_PDRP126-APND,-0.6662303049999999
SCEC_1_PDRP125-APND,-0.6662303049999999
SCEC_1_PDRP122-APND,-0.6662303049999999
SCEC_1_PDRP158-APND,-0.6662303049999999
SCEC_1_PDRP121-APND,-0.6662303049999999
SCEC_1_PDRP120-APND,-0.6662303049999999
SCEC_1_PDRP12-APND,-0.6662303049999999
SCEC_1_PDRP119-APND,-0.6662303049999999
SCEC_1_PDRP118-APND,-0.6662303049999999
SCEC_1_PDRP117-APND,-0.6662303049999999
SCEC_1_PDRP116-APND,-0.6662303049999999
SCEC_1_PDRP115-APND,-0.6662303049999999
SCEC_1_PDRP157-APND,-0.6662303049999999
SCEC_1_PDRP194-APND,-0.6662303049999999
SCEC_1_PDRP159-APND,-0.6662303049999999
SCEC_1_PDRP83-APND,-0.6662303049999999
SCEC_1_PDRP81-APND,-0.6662303049999999
SCEC_1_PDRP80-APND,-0.6662303049999999
SCEC_1_PDRP79-APND,-0.6662303049999999
SCEC_1_PDRP78-APND,-0.6662303049999999
SCEC_1_PDRP77-APND,-0.6662303049999999
SCEC_1_PDRP76-APND,-0.6662303049999999
SCEC_1_PDRP75-APND,-0.6662303049999999
SCEC_1_PDRP73-APND,-0.6662303049999999
SCEC_1_PDRP72-APND,-0.6662303049999999
SCEC_1_PDRP71-APND,-0.6662303049999999
SCEC_1_PDRP70-APND,-0.6662303049999999
SCEC_1_PDRP69-APND,-0.6662303049999999
SCEC_1_PDRP68-APND,-0.6662303049999999
SCEC_1_PDRP67-APND,-0.6662303049999999
SCEC_1_PDRP66-APND,-0.6662303049999999
SCEC_1_PDRP65-APND,-0.6662303049999999
SCEC_1_PDRP64-APND,-0.6662303049999999
SCEC_1_PDRP63-APND,-0.6662303049999999
SCEC_1_PDRP62-APND,-0.6662303049999999
SCEC_1_PDRP61-APND,-0.6662303049999999
SCEC_1_PDRP60-APND,-0.6662303049999999
SCEC_1_PDRP82-APND,-0.6662303049999999
SCEC_1_PDRP84-APND,-0.6662303049999999
SCEC_1_PDRP55-APND,-0.6662303049999999
SCEC_1_PDRP85-APND,-0.6662303049999999
SCEC_1_RDRR39-APND,-0.6662303049999999
SCEC_1_RDRR38-APND,-0.6662303049999999
SCEC_1_RDRR37-APND,-0.6662303049999999
SCEC_1_RDRR36-APND,-0.6662303049999999
SCEC_1_RDRR35-APND,-0.6662303049999999
SCEC_1_RDRR08-APND,-0.6662303049999999
SCEC_1_PDRP99-APND,-0.6662303049999999
SCEC_1_PDRP98-APND,-0.6662303049999999
SCEC_1_PDRP97-APND,-0.6662303049999999
SCEC_1_PDRP96-APND,-0.6662303049999999
SCEC_1_PDRP95-APND,-0.6662303049999999
SCEC_1_PDRP94-APND,-0.6662303049999999
SCEC_1_PDRP93-APND,-0.6662303049999999
SCEC_1_PDRP92-APND,-0.6662303049999999
SCEC_1_PDRP160-APND,-0.6662303049999999
SCEC_1_PDRP91-APND,-0.6662303049999999
SCEC_1_PDRP90-APND,-0.6662303049999999
SCEC_1_PDRP89-APND,-0.6662303049999999
SCEC_1_PDRP88-APND,-0.6662303049999999
SCEC_1_PDRP87-APND,-0.6662303049999999
SCEC_1_PDRP86-APND,-0.6662303049999999
SCEC_1_PDRP56-APND,-0.6662303049999999
SCEC_1_PDRP74-APND,-0.6662303049999999
SCEC_1_PDRP54-APND,-0.6662303049999999
SCEC_1_PDRP199-APND,-0.6662303049999999
SCEC_1_PDRP195-APND,-0.6662303049999999
SCEC_1_PDRP193-APND,-0.6662303049999999
SCEC_1_PDRP191-APND,-0.6662303049999999
SCEC_1_PDRP19-APND,-0.6662303049999999
SCEC_1_PDRP185-APND,-0.6662303049999999
SCEC_1_PDRP183-APND,-0.6662303049999999
SCEC_1_PDRP181-APND,-0.6662303049999999
SCEC_1_PDRP18-APND,-0.6662303049999999
SCEC_1_PDRP179-APND,-0.6662303049999999
SCEC_1_PDRP53-APND,-0.6662303049999999
SCEC_1_PDRP176-APND,-0.6662303049999999
SCEC_1_PDRP175-APND,-0.6662303049999999
SCEC_1_PDRP173-APND,-0.6662303049999999
SCEC_1_PDRP171-APND,-0.6662303049999999
SCEC_1_PDRP163-APND,-0.6662303049999999
SCEC_1_PDRP162-APND,-0.6662303049999999
SCEC_1_PDRP161-APND,-0.6662303049999999
SCEC_1_PDRP196-APND,-0.6662303049999999
SCEC_1_PDRP178-APND,-0.6662303049999999
SCEC_1_PDRP38-APND,-0.6662303049999999
SCEC_1_PDRP50-APND,-0.6662303049999999
SCEC_1_PDRP48-APND,-0.6662303049999999
SCEC_1_PDRP20-APND,-0.6662303049999999
SCEC_1_PDRP42-APND,-0.6662303049999999
SCEC_1_PDRP49-APND,-0.6662303049999999
SCEC_1_PDRP32-APND,-0.6662303049999999
SCEC_1_PDRP31-APND,-0.6662303049999999
SCEC_1_PDRP51-APND,-0.6662303049999999
SCEC_1_PDRP52-APND,-0.6662303049999999
SCEC_1_PDRP30-APND,-0.6662303049999999
POD_MRGT_6_MMAREF-APND,-0.6663577249999999
SBERDO_2_PSP4-APND,-0.6667598799999999
SBERDO_2_PSP3-APND,-0.6667598799999999
KRAMER_1_R2PX2-APND,-0.6676713700000001
KRAMER_1_R2BX2-APND,-0.6676713700000001
POD_CAMPFW_7_FARWST-APND,-0.6677179450000001
FILIPPI_2_QZSBTX-APND,-0.66799038
FILIPPI_2_QZSSRX-APND,-0.66799038
KRAMER_1_R1BX3-APND,-0.668725
KRAMER_1_R1PX3-APND,-0.668725
DMDVLY_1_UNITS-APND,-0.6705265900000001
CLAP_IRONMTN-APND,-0.6713003099999999
GENESI_2_STG-APND,-0.67130215
POD_BLKCRK_2_SOLAR1-APND,-0.6714730400000002
POD_GENESI_2_STG-APND,-0.6714730400000002
POD_DRACKR_2_SOLAR1-APND,-0.6714730400000002
POD_DRACKR_2_SOLAR2-APND,-0.6714730400000002
CLAP_OGROVE-APND,-0.6719432750000001
OGROVE_6_PL1X2-APND,-0.6719432750000001
POD_GARNET_2_WIND2-APND,-0.6721034699999999
POD_GARNET_1_SOLAR-APND,-0.6721034699999999
POD_TIFFNY_1_DILLON-APND,-0.6721034699999999
POD_CABZON_1_WINDA1-APND,-0.6721034699999999
POD_RENWD_1_QF-APND,-0.6721034699999999
POD_GARNET_1_WT3WND-APND,-0.6721034699999999
POD_GARNET_1_WIND-APND,-0.6721034699999999
POD_GARNET_1_WINDS-APND,-0.6721034699999999
POD_BLAST_1_WIND-APND,-0.6721034699999999
POD_GARNET_2_WIND1-APND,-0.6721034699999999
POD_GARNET_2_WIND3-APND,-0.6721034699999999
POD_GARNET_2_WIND4-APND,-0.6721034699999999
POD_GARNET_2_WIND5-APND,-0.6721034699999999
POD_TRNSWD_1_QF-APND,-0.6721034699999999
POD_SANWD_1_QF-APND,-0.6721034699999999
POD_INDIGO_1_UNIT 3-APND,-0.6721034699999999
POD_INDIGO_1_UNIT 2-APND,-0.6721034699999999
POD_MTWIND_1_UNIT 3-APND,-0.6721034699999999
POD_BUCKWD_1_QF-APND,-0.6721034699999999
POD_WHTWTR_1_WINDA1-APND,-0.6721034699999999
POD_INDIGO_1_UNIT 1-APND,-0.6721034699999999
CLAP_JHINDS-APND,-0.6721677549999998
CLAP_EAGLEMTN-APND,-0.6725297749999997
BUCKBL_2_PL1X3-APND,-0.6727836950000001
POD_DSRTSN_2_SOLAR1-APND,-0.672817045
POD_DSRTSN_2_SOLAR2-APND,-0.672817045
POD_BUCKBL_2_PL1X3-APND,-0.6732599100000001
CLAP_GENE_INTAKE-APND,-0.6735492499999997
POD_YUBACT_6_UNITA1-APND,-0.673917135
POD_YUBACT_1_SUNSWT-APND,-0.673917135
CENTPD_2_BMSSX2-APND,-0.6751494750000001
CENTPD_2_BMSX2-APND,-0.6751494750000001
OBERON_5_O2BBX2-APND,-0.6751656899999998
OBERON_5_O1SSX2-APND,-0.6758290100000001
OBERON_5_O1BBX2-APND,-0.676282455
BLKCRK_2_SOLAR1-APND,-0.6774717850000003
BLKCRK_2_GMCBT1-APND,-0.6774717850000003
POD_DEADCK_1_UNIT-APND,-0.678044485
POD_NAROW1_2_UNIT-APND,-0.6784429600000002
POD_WDLEAF_7_UNIT 1-APND,-0.6785415150000002
DSRTSN_2_SOLAR2-APND,-0.6787014800000002
DSRTSN_2_SOLAR1-APND,-0.6787014800000002
DSRTSN_2_DS2BX2-APND,-0.6792179450000002
POD_SPI LI_2_UNIT 1-APND,-0.6797457950000002
STANTN_2_SBEBX2-APND,-0.6804830599999998
POD_BIOMAS_1_UNIT 1-APND,-0.68181315
METEC_2_PL1X3-APND,-0.6831182849999999
MARVEL_2_MARBX2-APND,-0.683485135
GRNLF1_1_PL1X2-APND,-0.6855639900000001
DSRTSN_2_DS2X2-APND,-0.687477705
POD_BALCHS_7_UNIT 3-APND,-0.69140208
POD_HAASPH_7_PL1X2-APND,-0.6974173850000001
HAASPH_7_PL1X2-APND,-0.7122255900000003
POD_COLGAT_7_UNIT 2-APND,-0.7215968250000002
POD_COLGAT_7_UNIT 1-APND,-0.7215968250000002
MONTPH_7_UNITS-APND,-0.7610959900000001
POD_GEYS14_7_UNIT14-APND,-0.7639082000000001
POD_GEYS16_7_UNIT16-APND,-0.7639082000000001
POD_GEYS12_7_UNIT12-APND,-0.7639082000000001
POD_NCPA_7_GP2UN4-APND,-0.7639082000000001
POD_NCPA_7_GP2UN3-APND,-0.7639082000000001
POD_GEYS17_7_UNIT17-APND,-0.7639082000000001
PGFG_1_PDRP35-APND,-0.775664765
PGFG_1_PDRP29-APND,-0.775664765
PGFG_1_PDRP32-APND,-0.775664765
PGFG_1_PDRP33-APND,-0.775664765
PGFG_1_PDRP40-APND,-0.775664765
PGFG_1_PDRP36-APND,-0.775664765
PGFG_1_PDRP38-APND,-0.775664765
PGFG_1_PDRP27-APND,-0.775664765
PGFG_1_PDRP41-APND,-0.775664765
PGFG_1_PDRP42-APND,-0.775664765
PGFG_1_PDRP44-APND,-0.775664765
PGFG_1_RDRR01-APND,-0.775664765
PGFG_1_PDRP28-APND,-0.775664765
PGFG_1_PDRP24-APND,-0.775664765
PGFG_1_PDRP25-APND,-0.775664765
PGFG_1_PDRP17-APND,-0.775664765
PGFG_1_PDRP05-APND,-0.775664765
PGFG_1_PDRP07-APND,-0.775664765
PGFG_1_PDRP10-APND,-0.775664765
PGFG_1_PDRP23-APND,-0.775664765
PGFG_1_PDRP22-APND,-0.775664765
PGFG_1_PDRP13-APND,-0.775664765
PGFG_1_PDRP14-APND,-0.775664765
PGFG_1_PDRP21-APND,-0.775664765
PGFG_1_PDRP15-APND,-0.775664765
PGFG_1_PDRP20-APND,-0.775664765
PGFG_1_PDRP19-APND,-0.775664765
PGFG_1_PDRP77-APND,-0.775664765
SLAP_PGFG-APND,-0.7915232650000001
POD_SNMALF_6_UNITS-APND,-0.7937586349999997
